transactions_id,sale_date,sale_time,customer_id,gender,age,category,quantiy,price_per_unit,cogs,total_sale
22,25/11/2023,17:11:00,66,Male,18,Clothing,2,50,60.5,100
37,26/05/2023,22:42:00,2,Female,18,Beauty,3,25,8.75,75
58,16/09/2023,19:18:00,53,Male,18,Clothing,4,300,75,1200
62,16/09/2023,12:54:00,50,Male,18,Beauty,2,50,26.5,100
74,05/10/2023,19:50:00,56,Female,18,Beauty,4,500,205,2000
148,03/07/2023,20:39:00,5,Male,18,Clothing,2,30,9.9,60
169,28/11/2022,18:47:00,73,Male,18,Beauty,3,500,145,1500
283,01/06/2023,20:08:00,3,Female,18,Electronics,1,500,165,500
305,22/03/2023,22:09:00,4,Female,18,Beauty,1,30,14.4,30
326,23/11/2023,19:51:00,108,Female,18,Clothing,3,25,24.25,75
461,18/07/2023,10:33:00,21,Female,18,Beauty,2,500,265,1000
469,21/03/2023,19:24:00,4,Male,18,Beauty,3,25,8.75,75
514,04/11/2022,08:35:00,139,Female,18,Electronics,1,300,96,300
530,01/05/2022,07:52:00,8,Female,18,Electronics,4,30,9,120
538,22/12/2023,18:20:00,102,Male,18,Clothing,3,50,56.5,150
556,05/02/2022,17:37:00,42,Female,18,Electronics,1,50,12.5,50
595,15/10/2022,21:35:00,65,Female,18,Clothing,4,500,210,2000
679,26/08/2022,08:59:00,64,Female,18,Beauty,,,,
714,29/10/2022,08:50:00,20,Female,18,Clothing,1,500,190,500
837,15/01/2023,20:35:00,53,Male,18,Beauty,3,30,7.5,90
847,10/01/2023,08:42:00,2,Female,18,Electronics,4,300,162,1200
1022,05/09/2023,17:49:00,69,Male,18,Clothing,2,50,52.5,100
1037,17/10/2023,17:38:00,2,Female,18,Beauty,3,25,11.5,75
1058,30/10/2022,18:31:00,100,Male,18,Clothing,4,300,153,1200
1062,20/12/2022,16:05:00,69,Male,18,Beauty,2,50,21.5,100
1074,04/10/2022,20:18:00,67,Female,18,Beauty,4,500,230,2000
1148,11/08/2023,22:04:00,2,Male,18,Clothing,2,30,10.8,60
1169,25/09/2022,17:12:00,101,Male,18,Beauty,3,500,255,1500
1283,14/10/2023,20:15:00,1,Female,18,Electronics,1,500,130,500
1305,05/04/2023,18:24:00,5,Female,18,Beauty,1,30,7.8,30
1326,01/09/2023,22:35:00,66,Female,18,Clothing,3,25,28.75,75
1461,01/05/2023,08:43:00,63,Female,18,Beauty,2,500,180,1000
1469,08/12/2023,17:22:00,3,Male,18,Beauty,3,25,12.5,75
1514,12/07/2022,10:55:00,59,Female,18,Electronics,1,300,75,300
1530,10/12/2022,08:17:00,93,Female,18,Electronics,4,30,12.3,120
1538,12/09/2022,20:57:00,21,Male,18,Clothing,3,50,53.5,150
1556,17/05/2023,19:13:00,35,Female,18,Electronics,1,50,22.5,50
1595,04/10/2023,17:44:00,115,Female,18,Clothing,4,500,255,2000
1679,23/09/2022,08:08:00,71,Female,18,Beauty,3,30,15.3,90
1714,23/11/2022,06:07:00,111,Female,18,Clothing,1,500,245,500
1837,29/03/2023,20:45:00,32,Male,18,Beauty,3,30,8.1,90
1847,28/07/2023,07:14:00,5,Female,18,Electronics,4,300,123,1200
16,25/06/2022,10:33:00,82,Male,19,Clothing,3,500,180,1500
86,29/09/2023,18:55:00,69,Male,19,Beauty,3,30,15.6,90
117,04/08/2023,11:38:00,8,Male,19,Electronics,2,500,230,1000
181,06/11/2023,19:59:00,79,Male,19,Electronics,4,300,327,1200
257,10/12/2022,08:49:00,130,Male,19,Beauty,4,500,165,2000
266,12/09/2022,18:26:00,66,Female,19,Electronics,2,30,14.4,60
300,08/01/2022,09:41:00,138,Female,19,Electronics,4,50,26.5,200
303,22/04/2022,11:09:00,54,Male,19,Electronics,3,30,14.7,90
364,07/06/2022,19:06:00,98,Female,19,Beauty,1,500,200,500
391,25/03/2022,07:37:00,68,Male,19,Beauty,2,25,6.25,50
412,04/09/2022,19:36:00,30,Female,19,Electronics,4,500,570,2000
484,13/03/2022,07:52:00,135,Female,19,Clothing,4,300,75,1200
533,13/11/2022,17:19:00,92,Male,19,Electronics,3,500,155,1500
594,07/09/2023,21:49:00,72,Female,19,Electronics,2,300,291,600
601,05/06/2023,09:23:00,5,Male,19,Clothing,1,30,13.2,30
628,23/12/2023,18:00:00,66,Female,19,Beauty,4,50,59.5,200
677,17/12/2022,21:13:00,65,Female,19,Beauty,3,500,555,1500
709,22/09/2022,22:32:00,61,Female,19,Electronics,2,500,140,1000
812,02/10/2023,17:45:00,89,Male,19,Electronics,3,25,11.25,75
979,18/05/2022,10:18:00,6,Female,19,Beauty,1,25,10.5,25
985,13/06/2023,22:33:00,113,Female,19,Electronics,2,25,9,50
1016,12/12/2022,07:39:00,52,Male,19,Clothing,3,500,200,1500
1086,14/09/2023,19:50:00,84,Male,19,Beauty,3,30,16.5,90
1117,11/09/2023,07:48:00,144,Male,19,Electronics,2,500,210,1000
1181,06/11/2022,18:28:00,84,Male,19,Electronics,4,300,354,1200
1257,10/05/2022,11:55:00,29,Male,19,Beauty,4,500,255,2000
1266,03/09/2023,20:08:00,79,Female,19,Electronics,2,30,15.6,60
1300,08/08/2022,08:57:00,7,Female,19,Electronics,4,50,24,200
1303,19/03/2022,08:59:00,58,Male,19,Electronics,3,30,15,90
1364,23/09/2023,17:04:00,72,Female,19,Beauty,1,500,250,500
1412,13/10/2022,19:59:00,75,Female,19,Electronics,4,500,615,2000
1484,23/11/2022,09:29:00,22,Female,19,Clothing,4,300,147,1200
1533,29/10/2022,19:35:00,67,Male,19,Electronics,3,500,255,1500
1594,01/10/2023,19:02:00,31,Female,19,Electronics,2,300,345,600
1601,14/09/2023,11:48:00,1,Male,19,Clothing,1,30,13.5,30
1628,28/12/2022,22:23:00,51,Female,19,Beauty,4,50,58.5,200
1677,02/10/2022,20:51:00,84,Female,19,Beauty,3,500,490,1500
1709,13/09/2023,20:22:00,97,Female,19,Electronics,2,500,185,1000
1812,25/10/2023,22:19:00,85,Male,19,Electronics,3,25,12,75
1979,17/08/2022,11:34:00,102,Female,19,Beauty,1,25,7.75,25
1985,31/03/2023,20:15:00,113,Female,19,Electronics,2,25,9.75,50
46,08/11/2022,17:50:00,54,Female,20,Electronics,4,300,84,1200
72,06/12/2023,19:19:00,5,Female,20,Electronics,4,500,195,2000
133,23/06/2022,09:01:00,70,Male,20,Electronics,3,300,87,900
135,18/04/2022,07:22:00,104,Male,20,Clothing,2,25,13,50
186,31/03/2022,18:15:00,92,Male,20,Clothing,4,50,23.5,200
214,05/11/2022,16:31:00,53,Male,20,Beauty,2,30,8.1,60
249,28/09/2022,20:17:00,109,Male,20,Clothing,1,50,53.5,50
292,10/10/2022,06:33:00,111,Male,20,Beauty,4,300,141,1200
371,18/12/2022,10:01:00,32,Female,20,Beauty,1,25,13,25
542,01/06/2023,18:41:00,50,Female,20,Beauty,1,50,24,50
557,27/09/2023,20:01:00,155,Female,20,Beauty,3,30,12.9,90
563,21/12/2022,18:40:00,150,Male,20,Clothing,2,30,16.2,60
602,12/12/2023,16:46:00,75,Female,20,Electronics,1,300,96,300
722,24/02/2023,18:35:00,25,Male,20,Beauty,3,300,162,900
792,04/01/2023,22:50:00,4,Female,20,Beauty,1,50,26.5,50
839,11/11/2023,21:02:00,130,Female,20,Electronics,4,300,96,1200
878,26/10/2023,18:53:00,31,Female,20,Clothing,1,30,11.7,30
892,13/09/2023,11:39:00,1,Male,20,Electronics,1,50,24,50
906,19/07/2022,17:55:00,6,Female,20,Clothing,1,50,17,50
910,21/08/2022,06:29:00,138,Female,20,Beauty,3,50,22.5,150
940,05/01/2022,08:11:00,46,Female,20,Electronics,1,30,9.6,30
1046,21/07/2023,21:47:00,5,Female,20,Electronics,4,300,156,1200
1072,24/02/2023,18:10:00,4,Female,20,Electronics,4,500,180,2000
1133,05/03/2022,06:42:00,58,Male,20,Electronics,3,300,159,900
1135,14/01/2022,08:16:00,124,Male,20,Clothing,2,25,12.5,50
1186,10/09/2023,18:24:00,5,Male,20,Clothing,4,50,18.5,200
1214,18/11/2023,14:24:00,50,Male,20,Beauty,2,30,11.1,60
1249,10/12/2022,21:44:00,95,Male,20,Clothing,1,50,60,50
1292,15/05/2022,08:20:00,88,Male,20,Beauty,4,300,90,1200
1371,06/05/2022,06:52:00,41,Female,20,Beauty,1,25,13.5,25
1542,17/05/2023,20:30:00,147,Female,20,Beauty,1,50,14.5,50
1557,04/08/2022,17:01:00,14,Female,20,Beauty,3,30,10.2,90
1563,13/10/2022,17:44:00,22,Male,20,Clothing,2,30,15.3,60
1602,01/12/2022,15:17:00,86,Female,20,Electronics,1,300,126,300
1722,30/01/2022,20:38:00,22,Male,20,Beauty,3,300,159,900
1792,26/08/2023,17:37:00,88,Female,20,Beauty,1,50,26.5,50
1839,28/08/2022,21:57:00,92,Female,20,Electronics,4,300,156,1200
1878,24/01/2023,22:56:00,97,Female,20,Clothing,1,30,7.5,30
1892,01/10/2023,07:22:00,3,Male,20,Electronics,1,50,23.5,50
1906,01/10/2022,20:10:00,58,Female,20,Clothing,1,50,26.5,50
1910,09/10/2022,06:22:00,141,Female,20,Beauty,3,50,18,150
1940,15/06/2022,09:47:00,56,Female,20,Electronics,1,30,11.1,30
61,07/07/2023,11:47:00,4,Male,21,Beauty,4,50,20,200
107,06/10/2022,09:18:00,75,Female,21,Clothing,4,300,78,1200
129,17/04/2023,17:42:00,1,Female,21,Beauty,2,300,75,600
131,29/09/2023,22:32:00,44,Female,21,Beauty,2,300,375,600
212,12/10/2023,18:13:00,105,Male,21,Clothing,3,500,215,1500
242,01/10/2023,18:28:00,1,Male,21,Clothing,1,25,8,25
261,06/02/2022,17:48:00,16,Male,21,Clothing,2,25,8.25,50
276,18/10/2023,21:27:00,40,Female,21,Beauty,4,25,27.5,100
343,09/11/2022,18:44:00,68,Male,21,Electronics,2,25,30,50
389,11/11/2022,19:06:00,109,Male,21,Clothing,2,25,12.25,50
409,17/12/2023,12:30:00,55,Female,21,Electronics,3,300,87,900
446,02/11/2022,19:57:00,104,Male,21,Electronics,1,50,13,50
537,01/10/2023,18:07:00,98,Female,21,Beauty,1,500,275,500
577,21/04/2022,11:55:00,45,Male,21,Beauty,4,500,215,2000
636,09/05/2023,06:15:00,60,Female,21,Beauty,3,500,230,1500
801,01/12/2022,17:14:00,153,Male,21,Clothing,4,50,19,200
843,25/01/2023,22:46:00,3,Male,21,Beauty,3,500,180,1500
853,14/05/2023,22:29:00,3,Male,21,Beauty,2,500,155,1000
867,24/07/2022,22:40:00,152,Male,21,Electronics,1,500,185,500
900,10/11/2022,08:41:00,130,Male,21,Clothing,2,30,15.6,60
1061,18/09/2023,07:56:00,3,Male,21,Beauty,4,50,12.5,200
1107,31/12/2022,11:14:00,62,Female,21,Clothing,4,300,102,1200
1129,08/09/2023,21:46:00,1,Female,21,Beauty,2,300,156,600
1131,31/12/2022,19:16:00,130,Female,21,Beauty,2,300,336,600
1212,16/03/2022,18:05:00,142,Male,21,Clothing,3,500,265,1500
1242,27/11/2023,18:32:00,5,Male,21,Clothing,1,25,11.25,25
1261,27/09/2022,21:19:00,116,Male,21,Clothing,2,25,6.25,50
1276,11/10/2022,18:54:00,140,Female,21,Beauty,4,25,27,100
1343,21/10/2023,20:10:00,87,Male,21,Electronics,2,25,28.5,50
1389,27/09/2023,18:11:00,60,Male,21,Clothing,2,25,9.5,50
1409,22/11/2023,12:15:00,102,Female,21,Electronics,3,300,138,900
1446,23/01/2022,18:55:00,155,Male,21,Electronics,1,50,23.5,50
1537,29/11/2022,17:57:00,116,Female,21,Beauty,1,500,140,500
1577,11/09/2022,06:22:00,145,Male,21,Beauty,4,500,160,2000
1636,22/07/2023,11:26:00,50,Female,21,Beauty,3,500,150,1500
1801,10/07/2022,22:01:00,148,Male,21,Clothing,4,50,13.5,200
1843,21/09/2023,18:58:00,1,Male,21,Beauty,3,500,240,1500
1853,29/05/2023,18:39:00,2,Male,21,Beauty,2,500,190,1000
1867,16/05/2023,19:55:00,144,Male,21,Electronics,1,500,190,500
1900,21/01/2022,06:43:00,65,Male,21,Clothing,2,30,10.8,60
13,08/02/2023,17:43:00,106,Male,22,Electronics,3,500,245,1500
20,12/12/2023,21:35:00,85,Male,22,Clothing,3,300,345,900
42,08/12/2022,08:29:00,63,Male,22,Clothing,3,300,147,900
44,03/03/2022,11:07:00,93,Female,22,Clothing,1,25,11.75,25
76,09/09/2023,07:33:00,70,Female,22,Electronics,2,50,14.5,100
105,18/06/2023,18:05:00,82,Female,22,Electronics,1,500,230,500
114,17/04/2022,20:57:00,92,Female,22,Beauty,4,25,9.25,100
141,01/11/2022,19:26:00,54,Female,22,Electronics,1,50,59,50
149,14/10/2023,17:52:00,73,Male,22,Clothing,3,25,27,75
273,26/09/2023,20:24:00,1,Female,22,Beauty,1,50,14.5,50
296,31/12/2022,22:44:00,73,Female,22,Clothing,4,300,369,1200
317,04/05/2022,07:54:00,117,Male,22,Electronics,3,30,12,90
339,18/08/2022,10:27:00,33,Female,22,Electronics,2,25,10.25,50
393,19/10/2022,18:52:00,85,Female,22,Beauty,2,500,595,1000
406,01/04/2023,11:50:00,3,Female,22,Beauty,4,25,11,100
420,02/01/2022,10:53:00,28,Female,22,Clothing,4,500,200,2000
447,18/04/2023,17:57:00,37,Male,22,Beauty,4,500,245,2000
597,01/11/2022,19:29:00,84,Male,22,Beauty,4,300,111,1200
606,13/06/2023,20:19:00,2,Male,22,Electronics,1,50,19.5,50
695,03/04/2022,22:12:00,52,Female,22,Electronics,3,50,21,150
836,21/06/2023,06:32:00,2,Female,22,Clothing,1,50,27.5,50
880,26/09/2023,20:13:00,63,Male,22,Beauty,2,500,175,1000
881,21/12/2023,20:52:00,4,Male,22,Electronics,1,300,99,300
919,28/10/2023,21:13:00,82,Female,22,Beauty,2,25,27.75,50
926,06/10/2023,22:53:00,53,Male,22,Electronics,1,30,15.6,30
933,19/09/2022,07:53:00,81,Male,22,Beauty,1,30,12.9,30
965,27/11/2022,21:45:00,84,Male,22,Clothing,4,50,13,200
1013,16/07/2022,19:38:00,111,Male,22,Electronics,3,500,200,1500
1020,22/11/2022,18:30:00,86,Male,22,Clothing,3,300,300,900
1042,11/02/2022,06:21:00,7,Male,22,Clothing,3,300,150,900
1044,20/02/2022,09:08:00,70,Female,22,Clothing,1,25,7.5,25
1076,14/07/2023,11:09:00,99,Female,22,Electronics,2,50,15,100
1105,12/11/2022,19:09:00,19,Female,22,Electronics,1,500,270,500
1114,18/08/2022,22:19:00,100,Female,22,Beauty,4,25,12,100
1141,17/09/2023,19:13:00,65,Female,22,Electronics,1,50,58,50
1149,14/09/2023,19:23:00,98,Male,22,Clothing,3,25,29.75,75
1273,20/06/2023,20:39:00,1,Female,22,Beauty,1,50,25.5,50
1296,26/11/2022,20:42:00,45,Female,22,Clothing,4,300,342,1200
1317,25/08/2022,08:02:00,144,Male,22,Electronics,3,30,12,90
1339,10/11/2022,10:34:00,132,Female,22,Electronics,2,25,7.5,50
1393,08/10/2022,17:24:00,56,Female,22,Beauty,2,500,580,1000
1406,22/06/2023,08:45:00,2,Female,22,Beauty,4,25,10,100
1420,15/04/2022,07:01:00,138,Female,22,Clothing,4,500,205,2000
1447,30/05/2022,22:21:00,137,Male,22,Beauty,4,500,155,2000
1597,28/08/2023,18:21:00,32,Male,22,Beauty,4,300,78,1200
1606,19/10/2023,19:52:00,2,Male,22,Electronics,1,50,26.5,50
1695,21/09/2023,20:51:00,85,Female,22,Electronics,3,50,23,150
1836,13/02/2023,17:19:00,3,Female,22,Clothing,1,50,23.5,50
1880,14/06/2023,20:03:00,37,Male,22,Beauty,2,500,175,1000
1881,11/07/2023,17:23:00,5,Male,22,Electronics,1,300,147,300
1919,25/10/2022,17:54:00,78,Female,22,Beauty,2,25,26.5,50
1926,07/08/2023,20:22:00,74,Male,22,Electronics,1,30,9.6,30
1933,12/01/2022,11:04:00,121,Male,22,Beauty,1,30,14.4,30
1965,12/12/2022,20:03:00,93,Male,22,Clothing,4,50,21.5,200
11,27/02/2022,10:30:00,151,Male,23,Clothing,2,50,23.5,100
39,11/07/2023,22:44:00,5,Male,23,Clothing,4,30,8.7,120
116,22/06/2023,20:04:00,58,Female,23,Clothing,1,30,15,30
147,12/11/2022,20:30:00,101,Male,23,Electronics,1,300,297,300
231,09/07/2022,07:02:00,50,Female,23,Clothing,3,50,26.5,150
235,10/03/2022,10:13:00,132,Female,23,Electronics,2,500,275,1000
240,05/11/2022,11:49:00,95,Female,23,Beauty,1,300,123,300
241,19/12/2023,20:21:00,108,Female,23,Electronics,3,25,26.75,75
256,09/01/2022,08:05:00,3,Male,23,Clothing,2,500,270,1000
263,04/05/2022,21:48:00,133,Male,23,Beauty,2,30,34.8,60
274,14/04/2023,07:12:00,4,Female,23,Clothing,2,500,150,1000
294,09/10/2023,09:24:00,89,Female,23,Clothing,3,30,15.3,90
369,13/12/2023,19:42:00,111,Male,23,Electronics,3,500,215,1500
370,24/10/2023,21:04:00,61,Male,23,Electronics,2,30,34.8,60
426,13/12/2023,08:11:00,137,Male,23,Electronics,3,50,12.5,150
496,12/12/2022,13:07:00,91,Male,23,Clothing,2,300,141,600
644,13/10/2022,21:49:00,107,Male,23,Beauty,3,25,29,75
663,16/08/2023,06:32:00,133,Male,23,Clothing,4,300,87,1200
747,21/10/2022,18:12:00,51,Male,23,Beauty,1,30,9.3,30
858,08/09/2023,18:48:00,85,Male,23,Electronics,2,50,50.5,100
879,13/11/2022,16:51:00,50,Male,23,Clothing,1,30,15.3,30
929,11/03/2022,10:18:00,40,Female,23,Beauty,3,25,10.5,75
948,10/12/2023,22:06:00,52,Female,23,Electronics,3,25,28.75,75
998,21/10/2023,17:32:00,61,Female,23,Beauty,4,25,30.5,100
1011,01/04/2022,06:48:00,15,Male,23,Clothing,2,50,19,100
1039,03/12/2023,20:01:00,1,Male,23,Clothing,4,30,13.8,120
1116,15/08/2022,22:26:00,145,Female,23,Clothing,1,30,12.3,30
1147,25/11/2023,22:14:00,35,Male,23,Electronics,1,300,330,300
1231,29/01/2022,07:05:00,12,Female,23,Clothing,3,50,23,150
1235,04/04/2022,06:44:00,87,Female,23,Electronics,2,500,220,1000
1240,07/08/2022,07:42:00,144,Female,23,Beauty,1,300,90,300
1241,10/09/2023,17:28:00,26,Female,23,Electronics,3,25,24.5,75
1256,05/11/2022,09:58:00,29,Male,23,Clothing,2,500,190,1000
1263,07/09/2022,20:49:00,47,Male,23,Beauty,2,30,35.4,60
1274,06/10/2023,09:01:00,2,Female,23,Clothing,2,500,185,1000
1294,24/01/2023,11:24:00,8,Female,23,Clothing,3,30,10.5,90
1369,10/10/2022,21:14:00,64,Male,23,Electronics,3,500,180,1500
1370,04/11/2022,22:51:00,90,Male,23,Electronics,2,30,36,60
1426,12/12/2023,11:32:00,114,Male,23,Electronics,3,50,25,150
1496,03/09/2022,15:05:00,110,Male,23,Clothing,2,300,120,600
1644,11/09/2022,19:32:00,124,Male,23,Beauty,3,25,28.75,75
1663,07/12/2023,07:04:00,33,Male,23,Clothing,4,300,81,1200
1747,05/09/2023,18:22:00,87,Male,23,Beauty,1,30,16.2,30
1858,14/09/2023,20:47:00,49,Male,23,Electronics,2,50,52,100
1879,18/11/2022,15:27:00,66,Male,23,Clothing,1,30,16.2,30
1929,15/09/2022,06:50:00,62,Female,23,Beauty,3,25,12.75,75
1948,17/09/2023,21:09:00,100,Female,23,Electronics,3,25,24.5,75
1998,20/10/2023,19:53:00,90,Female,23,Beauty,4,25,24,100
185,27/06/2022,09:48:00,57,Male,24,Clothing,1,25,7,25
372,19/06/2022,11:45:00,27,Female,24,Beauty,3,500,140,1500
485,08/11/2022,17:30:00,101,Male,24,Electronics,1,30,11.4,30
495,24/06/2022,21:06:00,131,Male,24,Beauty,2,30,11.7,60
505,17/12/2022,07:25:00,86,Male,24,Beauty,1,50,19.5,50
513,21/10/2022,18:31:00,85,Male,24,Electronics,4,25,24.5,100
553,20/03/2023,06:17:00,106,Male,24,Clothing,4,300,81,1200
583,28/01/2022,19:44:00,131,Female,24,Electronics,4,25,7.75,100
585,06/06/2023,21:49:00,3,Female,24,Clothing,1,25,13.75,25
669,23/01/2022,20:24:00,110,Male,24,Beauty,4,300,87,1200
762,27/11/2023,17:49:00,56,Female,24,Electronics,2,25,10.25,50
768,27/06/2022,06:50:00,58,Female,24,Beauty,3,25,10.5,75
771,24/12/2023,12:23:00,70,Male,24,Electronics,2,25,11.75,50
866,06/07/2023,18:16:00,4,Male,24,Electronics,1,50,22.5,50
964,26/08/2022,08:18:00,15,Male,24,Clothing,3,300,156,900
1185,04/10/2022,10:28:00,153,Male,24,Clothing,1,25,10.25,25
1372,18/03/2022,10:53:00,60,Female,24,Beauty,3,500,145,1500
1485,24/09/2022,18:29:00,66,Male,24,Electronics,1,30,15.6,30
1495,14/03/2023,22:37:00,113,Male,24,Beauty,2,30,16.2,60
1505,30/10/2022,08:00:00,98,Male,24,Beauty,1,50,14.5,50
1513,01/10/2022,21:47:00,19,Male,24,Electronics,4,25,31,100
1553,29/01/2023,08:46:00,42,Male,24,Clothing,4,300,99,1200
1583,12/11/2023,22:54:00,102,Female,24,Electronics,4,25,13,100
1585,05/10/2023,20:00:00,2,Female,24,Clothing,1,25,7.25,25
1669,04/08/2022,22:28:00,83,Male,24,Beauty,4,300,123,1200
1762,15/11/2023,18:43:00,81,Female,24,Electronics,2,25,11,50
1768,31/07/2022,09:52:00,85,Female,24,Beauty,3,25,8.75,75
1771,13/09/2023,13:41:00,108,Male,24,Electronics,2,25,10.75,50
1866,17/08/2023,22:38:00,5,Male,24,Electronics,1,50,20,50
1964,02/08/2022,08:27:00,115,Male,24,Clothing,3,300,111,900
68,15/12/2022,09:06:00,146,Male,25,Electronics,1,300,84,300
128,21/12/2022,22:22:00,77,Male,25,Beauty,1,500,180,500
170,21/09/2023,20:46:00,125,Female,25,Clothing,2,25,12.5,50
224,11/11/2022,21:32:00,99,Female,25,Clothing,1,50,24,50
269,19/09/2022,11:31:00,87,Male,25,Clothing,4,500,250,2000
330,11/10/2022,20:18:00,116,Female,25,Beauty,4,50,55,200
350,20/11/2022,17:41:00,61,Male,25,Beauty,3,25,28.5,75
373,23/09/2022,22:19:00,78,Female,25,Beauty,2,300,333,600
405,17/10/2022,17:55:00,79,Female,25,Clothing,4,300,324,1200
427,16/11/2023,21:26:00,120,Male,25,Electronics,1,25,11.75,25
449,03/01/2022,18:28:00,58,Male,25,Electronics,4,50,26.5,200
539,30/11/2023,18:13:00,135,Male,25,Beauty,1,500,205,500
555,14/12/2022,19:35:00,103,Male,25,Beauty,1,300,360,300
560,23/10/2023,22:51:00,7,Female,25,Electronics,1,50,19,50
567,08/05/2023,19:53:00,5,Female,25,Clothing,3,300,144,900
740,01/12/2022,06:58:00,33,Female,25,Beauty,4,50,13,200
748,01/03/2023,09:35:00,132,Male,25,Clothing,3,50,24,150
773,14/01/2023,19:10:00,3,Male,25,Electronics,4,500,175,2000
868,04/12/2023,13:39:00,110,Female,25,Electronics,1,300,111,300
925,20/12/2022,17:12:00,54,Male,25,Electronics,1,300,315,300
1068,14/09/2022,10:11:00,136,Male,25,Electronics,1,300,111,300
1128,04/01/2022,17:35:00,60,Male,25,Beauty,1,500,135,500
1170,06/01/2023,17:13:00,96,Female,25,Clothing,2,25,8,50
1224,20/01/2022,17:10:00,103,Female,25,Clothing,1,50,20,50
1269,01/01/2022,08:09:00,71,Male,25,Clothing,4,500,145,2000
1330,24/11/2023,17:49:00,20,Female,25,Beauty,4,50,48,200
1350,08/11/2023,22:02:00,93,Male,25,Beauty,3,25,29.25,75
1373,02/10/2023,20:26:00,64,Female,25,Beauty,2,300,294,600
1405,28/10/2023,20:08:00,91,Female,25,Clothing,4,300,342,1200
1427,15/07/2023,18:36:00,92,Male,25,Electronics,1,25,11.5,25
1449,26/04/2022,18:42:00,12,Male,25,Electronics,4,50,23.5,200
1539,06/12/2022,21:52:00,96,Male,25,Beauty,1,500,170,500
1555,19/12/2022,18:54:00,55,Male,25,Beauty,1,300,312,300
1560,13/11/2022,17:16:00,91,Female,25,Electronics,1,50,18.5,50
1567,07/04/2023,17:10:00,76,Female,25,Clothing,3,300,162,900
1740,16/07/2022,06:01:00,66,Female,25,Beauty,4,50,27,200
1748,02/03/2023,10:24:00,119,Male,25,Clothing,3,50,15.5,150
1773,12/12/2023,18:50:00,80,Male,25,Electronics,4,500,165,2000
1868,06/12/2022,16:23:00,78,Female,25,Electronics,1,300,138,300
1925,21/12/2023,17:05:00,81,Male,25,Electronics,1,300,366,300
2,24/06/2022,10:07:00,104,Female,26,Clothing,2,500,135,1000
56,27/12/2022,19:37:00,97,Female,26,Clothing,3,300,120,900
159,10/11/2022,21:30:00,42,Male,26,Clothing,4,50,23.5,200
248,02/07/2022,07:11:00,5,Male,26,Clothing,3,300,126,900
307,11/11/2022,22:54:00,32,Female,26,Electronics,2,25,8.5,50
309,12/10/2023,15:39:00,78,Female,26,Beauty,1,25,9,25
321,24/09/2023,19:53:00,30,Female,26,Electronics,2,25,9.5,50
453,14/10/2022,14:45:00,90,Female,26,Clothing,2,500,265,1000
474,08/05/2022,17:57:00,145,Female,26,Clothing,3,500,210,1500
475,12/08/2022,10:39:00,78,Male,26,Clothing,3,25,9,75
610,18/12/2022,06:56:00,137,Female,26,Beauty,2,300,93,600
626,30/10/2022,21:01:00,65,Female,26,Clothing,4,500,555,2000
632,25/10/2023,20:13:00,78,Female,26,Electronics,4,25,24.75,100
707,23/10/2023,20:34:00,117,Female,26,Clothing,1,500,580,500
710,03/09/2022,21:11:00,71,Female,26,Electronics,3,500,495,1500
711,23/09/2023,22:26:00,103,Male,26,Electronics,3,500,575,1500
772,14/04/2023,21:47:00,25,Male,26,Electronics,1,30,16.2,30
850,14/09/2023,19:01:00,58,Female,26,Beauty,2,500,235,1000
884,18/02/2023,20:31:00,1,Female,26,Clothing,2,30,7.5,60
899,22/05/2023,21:34:00,147,Male,26,Clothing,2,300,153,600
909,29/10/2023,19:43:00,71,Male,26,Electronics,1,300,288,300
915,11/10/2023,19:06:00,95,Female,26,Beauty,3,30,12.9,90
1002,02/03/2022,09:24:00,69,Female,26,Clothing,2,500,270,1000
1056,17/04/2022,19:46:00,54,Female,26,Clothing,3,300,114,900
1159,02/04/2023,18:08:00,41,Male,26,Clothing,4,50,18,200
1248,08/09/2022,08:20:00,68,Male,26,Clothing,3,300,111,900
1307,29/01/2022,22:11:00,68,Female,26,Electronics,2,25,11.75,50
1309,30/09/2022,16:50:00,93,Female,26,Beauty,1,25,9.5,25
1321,23/04/2023,22:54:00,155,Female,26,Electronics,2,25,10.5,50
1453,14/10/2023,13:24:00,113,Female,26,Clothing,2,500,205,1000
1474,15/05/2022,20:49:00,84,Female,26,Clothing,3,500,255,1500
1475,04/10/2022,07:03:00,132,Male,26,Clothing,3,25,10.75,75
1610,23/11/2022,10:18:00,1,Female,26,Beauty,2,300,102,600
1626,10/10/2022,19:13:00,19,Female,26,Clothing,4,500,495,2000
1632,19/10/2022,18:16:00,29,Female,26,Electronics,4,25,24.75,100
1707,17/09/2023,18:35:00,144,Female,26,Clothing,1,500,535,500
1710,23/10/2022,20:14:00,104,Female,26,Electronics,3,500,610,1500
1711,22/09/2023,20:33:00,113,Male,26,Electronics,3,500,570,1500
1772,03/02/2022,19:06:00,59,Male,26,Electronics,1,30,13.2,30
1850,16/02/2022,20:44:00,154,Female,26,Beauty,2,500,240,1000
1884,09/07/2023,21:45:00,2,Female,26,Clothing,2,30,11.4,60
1899,03/05/2023,21:03:00,51,Male,26,Clothing,2,300,99,600
1909,22/10/2022,19:41:00,17,Male,26,Electronics,1,300,339,300
1915,10/07/2023,22:50:00,53,Female,26,Beauty,3,30,9.3,90
17,25/02/2023,21:08:00,3,Female,27,Clothing,4,25,13,100
50,29/03/2022,18:51:00,71,Female,27,Beauty,3,25,10.5,75
51,12/10/2022,22:09:00,78,Male,27,Beauty,3,25,24.75,75
108,24/01/2023,09:38:00,5,Female,27,Beauty,3,25,13.5,75
110,18/11/2022,17:28:00,149,Male,27,Clothing,3,300,99,900
200,09/10/2022,22:29:00,130,Male,27,Beauty,3,50,60,150
213,13/08/2023,20:48:00,113,Male,27,Beauty,3,500,275,1500
295,01/02/2022,20:23:00,80,Female,27,Beauty,3,300,105,900
298,05/10/2023,19:05:00,3,Male,27,Beauty,4,300,84,1200
392,21/12/2022,13:11:00,77,Male,27,Clothing,2,300,78,600
394,19/08/2022,19:27:00,105,Female,27,Clothing,1,500,165,500
423,18/07/2022,06:06:00,41,Female,27,Clothing,1,25,11.75,25
476,12/12/2023,18:31:00,131,Female,27,Clothing,4,500,570,2000
544,31/10/2023,13:46:00,95,Female,27,Electronics,1,25,10.25,25
545,19/12/2023,17:18:00,61,Male,27,Clothing,2,25,8.25,50
584,31/12/2022,10:21:00,106,Female,27,Beauty,4,50,16.5,200
618,13/10/2022,10:22:00,5,Female,27,Beauty,1,50,26,50
670,29/09/2023,17:24:00,59,Male,27,Beauty,1,30,35.7,30
734,12/03/2022,08:54:00,77,Female,27,Clothing,1,30,15.6,30
760,26/06/2023,07:59:00,14,Male,27,Beauty,1,500,125,500
831,30/11/2022,11:49:00,149,Male,27,Electronics,4,25,13.75,100
873,06/12/2023,20:20:00,137,Female,27,Electronics,4,25,29,100
971,30/12/2023,16:50:00,64,Female,27,Electronics,4,50,26.5,200
1017,05/09/2023,18:41:00,2,Female,27,Clothing,4,25,12,100
1050,10/12/2022,20:15:00,24,Female,27,Beauty,3,25,11.25,75
1051,13/09/2023,17:47:00,104,Male,27,Beauty,3,25,25,75
1108,08/07/2023,10:27:00,1,Female,27,Beauty,3,25,10,75
1110,26/10/2022,19:14:00,62,Male,27,Clothing,3,300,114,900
1200,18/10/2023,19:04:00,20,Male,27,Beauty,3,50,54.5,150
1213,21/06/2023,17:23:00,41,Male,27,Beauty,3,500,185,1500
1295,04/11/2023,19:28:00,86,Female,27,Beauty,3,300,81,900
1298,02/05/2023,19:51:00,1,Male,27,Beauty,4,300,120,1200
1392,12/09/2022,12:28:00,70,Male,27,Clothing,2,300,90,600
1394,17/04/2022,20:06:00,14,Female,27,Clothing,1,500,250,500
1423,15/06/2022,07:56:00,131,Female,27,Clothing,1,25,11,25
1476,11/11/2022,22:27:00,130,Female,27,Clothing,4,500,555,2000
1544,16/12/2022,15:58:00,70,Female,27,Electronics,1,25,11.25,25
1545,15/07/2023,18:21:00,16,Male,27,Clothing,2,25,8.25,50
1584,03/09/2022,11:07:00,62,Female,27,Beauty,4,50,16.5,200
1618,15/09/2022,06:27:00,118,Female,27,Beauty,1,50,13.5,50
1670,24/10/2023,21:32:00,58,Male,27,Beauty,1,30,34.2,30
1734,28/02/2022,08:58:00,72,Female,27,Clothing,1,30,14.4,30
1760,23/08/2023,07:26:00,44,Male,27,Beauty,1,500,230,500
1831,26/03/2022,10:54:00,80,Male,27,Electronics,4,25,6.5,100
1873,24/11/2022,19:18:00,64,Female,27,Electronics,4,25,26.75,100
1971,12/09/2022,16:19:00,90,Female,27,Electronics,4,50,19,200
26,14/10/2023,17:54:00,51,Female,28,Electronics,2,500,600,1000
87,07/09/2022,18:09:00,104,Female,28,Beauty,2,50,15.5,100
121,07/10/2023,18:57:00,110,Female,28,Electronics,4,50,54.5,200
126,01/11/2022,18:16:00,63,Female,28,Clothing,3,30,28.8,90
244,14/09/2023,13:57:00,101,Male,28,Beauty,2,50,20.5,100
260,19/01/2023,21:09:00,107,Male,28,Beauty,2,30,10.5,60
268,14/04/2022,08:26:00,93,Female,28,Electronics,1,30,8.7,30
288,02/05/2022,09:59:00,27,Male,28,Clothing,4,30,12,120
310,10/11/2022,21:34:00,76,Female,28,Beauty,1,25,31,25
320,20/04/2022,08:35:00,57,Female,28,Electronics,4,300,159,1200
331,16/08/2022,08:33:00,28,Male,28,Electronics,3,30,10.2,90
422,21/08/2022,22:34:00,67,Female,28,Clothing,3,30,13.2,90
459,23/05/2023,07:12:00,122,Male,28,Clothing,4,300,75,1200
482,12/08/2023,18:57:00,3,Female,28,Clothing,4,300,141,1200
599,10/12/2023,19:07:00,82,Female,28,Beauty,2,50,24.5,100
643,05/10/2022,22:26:00,63,Female,28,Electronics,3,30,28.8,90
684,20/06/2023,18:02:00,54,Female,28,Clothing,2,500,225,1000
686,06/01/2022,17:14:00,68,Female,28,Electronics,4,50,23.5,200
862,11/12/2022,21:37:00,29,Male,28,Electronics,4,300,78,1200
904,01/04/2022,20:26:00,43,Male,28,Clothing,1,500,160,500
920,20/08/2022,10:25:00,99,Female,28,Beauty,3,25,6.75,75
1026,24/11/2022,19:10:00,60,Female,28,Electronics,2,500,520,1000
1087,08/11/2022,23:00:00,81,Female,28,Beauty,2,50,15,100
1121,23/11/2022,21:10:00,95,Female,28,Electronics,4,50,50.5,200
1126,12/09/2022,17:12:00,62,Female,28,Clothing,3,30,28.8,90
1244,11/12/2022,16:47:00,100,Male,28,Beauty,2,50,19.5,100
1260,19/07/2023,17:26:00,117,Male,28,Beauty,2,30,13.5,60
1268,09/06/2022,09:33:00,15,Female,28,Electronics,1,30,14.1,30
1288,05/04/2022,11:56:00,26,Male,28,Clothing,4,30,9,120
1310,29/10/2022,21:31:00,74,Female,28,Beauty,1,25,24.75,25
1320,02/11/2022,11:55:00,102,Female,28,Electronics,4,300,84,1200
1331,15/05/2022,09:29:00,36,Male,28,Electronics,3,30,13.8,90
1422,07/05/2022,20:41:00,35,Female,28,Clothing,3,30,13.5,90
1459,10/11/2023,06:46:00,13,Male,28,Clothing,4,300,144,1200
1482,10/02/2023,22:22:00,1,Female,28,Clothing,4,300,114,1200
1599,24/10/2022,17:23:00,110,Female,28,Beauty,2,50,20.5,100
1643,17/10/2023,21:47:00,12,Female,28,Electronics,3,30,33.3,90
1684,23/01/2023,21:40:00,43,Female,28,Clothing,2,500,200,1000
1686,10/12/2023,20:41:00,151,Female,28,Electronics,4,50,26,200
1862,06/02/2022,22:50:00,64,Male,28,Electronics,4,300,165,1200
1904,25/11/2022,19:41:00,117,Male,28,Clothing,1,500,220,500
1920,24/10/2022,08:33:00,23,Female,28,Beauty,3,25,9.25,75
73,14/01/2022,21:47:00,42,Male,29,Electronics,3,30,9,90
151,12/10/2023,15:49:00,108,Male,29,Clothing,1,50,18,50
281,18/09/2023,20:09:00,4,Female,29,Beauty,4,500,275,2000
323,21/01/2022,08:22:00,97,Female,29,Beauty,3,300,150,900
410,31/10/2023,19:41:00,64,Female,29,Clothing,2,50,14.5,100
433,29/07/2022,08:48:00,144,Male,29,Beauty,4,50,20,200
443,19/09/2023,20:25:00,98,Male,29,Clothing,2,300,114,600
604,16/09/2022,19:34:00,139,Female,29,Electronics,4,50,50.5,200
656,12/11/2023,20:58:00,27,Male,29,Beauty,3,30,29.4,90
667,01/12/2022,18:46:00,22,Female,29,Electronics,1,500,190,500
729,26/08/2023,22:29:00,3,Male,29,Clothing,4,300,84,1200
736,18/12/2022,08:30:00,97,Male,29,Clothing,4,25,9.75,100
752,20/09/2023,16:06:00,79,Male,29,Clothing,2,50,13,100
854,01/10/2022,15:42:00,84,Male,29,Clothing,1,50,22,50
913,12/10/2022,10:52:00,78,Male,29,Electronics,3,30,16.5,90
983,10/10/2022,20:12:00,61,Female,29,Clothing,1,300,345,300
1073,21/02/2022,18:16:00,82,Male,29,Electronics,3,30,15.3,90
1151,12/12/2022,14:48:00,99,Male,29,Clothing,1,50,26,50
1281,14/03/2023,19:34:00,4,Female,29,Beauty,4,500,165,2000
1323,15/08/2022,10:49:00,136,Female,29,Beauty,3,300,114,900
1410,16/10/2022,18:47:00,72,Female,29,Clothing,2,50,22.5,100
1433,16/01/2022,11:41:00,113,Male,29,Beauty,4,50,15.5,200
1443,18/06/2022,19:37:00,81,Male,29,Clothing,2,300,147,600
1604,29/12/2022,18:43:00,2,Female,29,Electronics,4,50,56,200
1656,16/09/2023,20:03:00,141,Male,29,Beauty,3,30,35.4,90
1667,04/07/2022,19:09:00,40,Female,29,Electronics,1,500,125,500
1729,22/11/2023,18:55:00,82,Male,29,Clothing,4,300,81,1200
1736,28/08/2022,08:57:00,87,Male,29,Clothing,4,25,10.25,100
1752,21/10/2023,13:01:00,79,Male,29,Clothing,2,50,14.5,100
1854,25/11/2023,16:53:00,109,Male,29,Clothing,1,50,22.5,50
1913,23/06/2022,07:10:00,101,Male,29,Electronics,3,30,14.1,90
1983,21/12/2022,21:38:00,114,Female,29,Clothing,1,300,303,300
5,05/09/2023,22:10:00,3,Male,30,Beauty,2,50,24,100
8,27/12/2022,11:19:00,148,Male,30,Electronics,4,25,11,100
32,16/07/2022,09:11:00,150,Male,30,Beauty,3,30,8.4,90
60,04/12/2022,18:15:00,91,Male,30,Beauty,3,50,60.5,150
118,13/03/2023,20:07:00,3,Female,30,Electronics,4,500,270,2000
209,03/09/2022,12:22:00,61,Female,30,Electronics,4,50,14,200
290,08/12/2023,21:39:00,86,Female,30,Beauty,2,300,342,600
301,30/07/2023,10:58:00,104,Male,30,Clothing,4,30,9.6,120
397,26/10/2023,08:06:00,59,Female,30,Beauty,1,25,10.5,25
435,15/12/2023,13:41:00,113,Female,30,Beauty,3,300,108,900
516,20/09/2023,18:38:00,85,Male,30,Beauty,4,25,24.25,100
805,03/09/2022,13:55:00,59,Female,30,Beauty,3,500,155,1500
817,05/10/2022,21:12:00,87,Male,30,Beauty,4,50,49,200
818,29/05/2023,18:56:00,4,Male,30,Electronics,1,500,265,500
863,12/11/2023,22:40:00,4,Female,30,Electronics,2,25,11.25,50
896,30/12/2023,19:17:00,56,Female,30,Electronics,2,25,30.75,50
931,07/10/2023,21:34:00,48,Male,30,Beauty,4,30,29.1,120
934,22/11/2022,18:20:00,111,Male,30,Beauty,1,500,240,500
945,01/10/2022,10:01:00,120,Male,30,Beauty,1,25,13.25,25
956,24/04/2023,21:50:00,140,Male,30,Clothing,3,500,135,1500
981,05/02/2022,21:08:00,5,Female,30,Electronics,2,30,12.9,60
987,08/11/2023,18:45:00,1,Female,30,Clothing,3,300,165,900
1005,12/08/2023,20:38:00,2,Male,30,Beauty,2,50,17.5,100
1008,10/01/2022,08:51:00,116,Male,30,Electronics,4,25,13,100
1032,01/04/2022,08:15:00,1,Male,30,Beauty,3,30,10.5,90
1060,12/11/2022,18:29:00,71,Male,30,Beauty,3,50,57,150
1118,13/10/2023,17:24:00,1,Female,30,Electronics,4,500,170,2000
1209,06/12/2022,12:37:00,55,Female,30,Electronics,4,50,23,200
1290,30/12/2022,22:40:00,66,Female,30,Beauty,2,300,318,600
1301,24/09/2023,09:58:00,70,Male,30,Clothing,4,30,10.5,120
1397,01/01/2023,11:05:00,6,Female,30,Beauty,1,25,11.75,25
1435,27/10/2022,13:31:00,61,Female,30,Beauty,3,300,114,900
1516,09/11/2022,17:19:00,54,Male,30,Beauty,4,25,24.5,100
1805,10/10/2023,13:35:00,79,Female,30,Beauty,3,500,225,1500
1817,11/09/2022,21:22:00,82,Male,30,Beauty,4,50,50,200
1818,20/09/2023,17:29:00,4,Male,30,Electronics,1,500,150,500
1863,26/05/2023,22:33:00,4,Female,30,Electronics,2,25,10,50
1896,05/11/2022,20:19:00,87,Female,30,Electronics,2,25,30.75,50
1931,01/12/2022,19:15:00,61,Male,30,Beauty,4,30,34.2,120
1934,08/09/2022,17:06:00,69,Male,30,Beauty,1,500,150,500
1945,19/04/2022,09:55:00,33,Male,30,Beauty,1,25,10.75,25
1956,01/06/2023,20:40:00,62,Male,30,Clothing,3,500,170,1500
1981,05/06/2022,22:50:00,19,Female,30,Electronics,2,30,11.7,60
1987,26/05/2023,18:18:00,2,Female,30,Clothing,3,300,129,900
55,28/09/2023,20:32:00,57,Male,31,Beauty,4,30,31.8,120
85,03/09/2022,08:05:00,68,Male,31,Clothing,3,50,19,150
155,18/07/2023,18:05:00,3,Male,31,Electronics,4,500,150,2000
175,25/01/2023,10:02:00,23,Female,31,Electronics,4,25,12.5,100
179,07/10/2023,20:42:00,121,Male,31,Electronics,1,300,375,300
184,13/02/2022,06:44:00,128,Male,31,Electronics,4,50,17,200
285,01/12/2023,18:14:00,107,Female,31,Electronics,1,25,13.5,25
319,07/11/2022,18:50:00,145,Male,31,Clothing,1,500,500,500
334,16/10/2022,20:37:00,103,Male,31,Electronics,3,300,360,900
341,20/01/2023,17:06:00,5,Male,31,Clothing,4,50,18.5,200
353,18/03/2023,21:35:00,5,Male,31,Electronics,1,500,270,500
365,23/02/2023,22:12:00,151,Male,31,Clothing,1,300,93,300
455,21/11/2023,19:15:00,134,Male,31,Electronics,4,25,13.25,100
531,08/10/2022,12:30:00,105,Male,31,Electronics,1,500,275,500
572,13/12/2023,18:33:00,5,Male,31,Clothing,4,500,185,2000
580,14/11/2022,14:44:00,104,Female,31,Clothing,3,500,200,1500
625,25/12/2022,13:36:00,68,Male,31,Clothing,1,300,123,300
769,09/09/2022,18:57:00,18,Female,31,Electronics,4,30,10.2,120
785,19/10/2022,06:09:00,88,Female,31,Beauty,4,50,13,200
841,18/12/2022,20:58:00,108,Male,31,Electronics,4,25,28.5,100
901,02/08/2023,06:38:00,2,Male,31,Electronics,1,30,12,30
980,14/10/2022,19:51:00,147,Female,31,Electronics,3,25,12.5,75
1055,23/10/2022,21:35:00,97,Male,31,Beauty,4,30,37.5,120
1085,12/08/2022,09:29:00,76,Male,31,Clothing,3,50,17,150
1155,03/12/2023,18:22:00,3,Male,31,Electronics,4,500,255,2000
1175,02/06/2023,06:38:00,103,Female,31,Electronics,4,25,11.5,100
1179,12/12/2023,17:28:00,122,Male,31,Electronics,1,300,354,300
1184,12/02/2022,08:28:00,23,Male,31,Electronics,4,50,27.5,200
1285,01/06/2023,21:55:00,130,Female,31,Electronics,1,25,12.25,25
1319,25/11/2023,17:17:00,76,Male,31,Clothing,1,500,585,500
1334,21/09/2022,20:37:00,60,Male,31,Electronics,3,300,366,900
1341,30/01/2023,22:10:00,1,Male,31,Clothing,4,50,21,200
1353,04/09/2023,21:59:00,3,Male,31,Electronics,1,500,235,500
1365,08/11/2023,20:22:00,18,Male,31,Clothing,1,300,156,300
1455,27/08/2022,21:35:00,32,Male,31,Electronics,4,25,13.75,100
1531,22/09/2022,13:19:00,56,Male,31,Electronics,1,500,250,500
1572,18/06/2023,22:20:00,1,Male,31,Clothing,4,500,175,2000
1580,21/09/2023,15:47:00,105,Female,31,Clothing,3,500,250,1500
1625,27/09/2023,16:36:00,52,Male,31,Clothing,1,300,147,300
1769,08/10/2023,22:50:00,116,Female,31,Electronics,4,30,9.3,120
1785,20/02/2022,11:17:00,144,Female,31,Beauty,4,50,17,200
1841,14/11/2023,18:55:00,94,Male,31,Electronics,4,25,28.25,100
1901,29/11/2023,11:05:00,4,Male,31,Electronics,1,30,8.4,30
1980,23/08/2023,20:30:00,112,Female,31,Electronics,3,25,6.5,75
82,08/09/2022,12:55:00,85,Female,32,Beauty,4,50,15,200
95,06/11/2022,19:57:00,103,Female,32,Clothing,2,30,7.5,60
101,08/01/2022,08:46:00,24,Male,32,Clothing,2,300,135,600
172,21/10/2022,18:09:00,52,Male,32,Beauty,2,25,28,50
196,29/12/2023,19:14:00,43,Female,32,Clothing,3,300,312,900
262,15/09/2023,20:33:00,30,Female,32,Beauty,4,30,12.6,120
267,19/11/2022,17:53:00,84,Female,32,Beauty,3,30,12,90
311,20/11/2023,21:01:00,61,Female,32,Beauty,4,25,9.75,100
358,12/10/2023,18:32:00,4,Female,32,Beauty,1,300,132,300
375,22/09/2023,17:32:00,25,Male,32,Clothing,1,50,52,50
403,22/04/2023,19:31:00,5,Male,32,Clothing,2,300,78,600
471,08/03/2023,10:21:00,136,Male,32,Clothing,3,50,13,150
753,06/07/2022,10:07:00,70,Female,32,Clothing,1,30,15.9,30
770,11/12/2022,22:49:00,71,Male,32,Clothing,1,50,55,50
800,19/09/2022,07:33:00,111,Male,32,Clothing,4,300,87,1200
849,25/06/2023,19:33:00,5,Male,32,Clothing,2,25,12.5,50
851,30/11/2023,17:23:00,30,Male,32,Electronics,2,25,27.75,50
916,05/12/2023,12:56:00,68,Female,32,Electronics,1,50,26,50
923,10/06/2023,17:20:00,62,Male,32,Beauty,3,300,165,900
1082,22/10/2022,15:56:00,111,Female,32,Beauty,4,50,27.5,200
1095,05/09/2022,17:56:00,56,Female,32,Clothing,2,30,9.9,60
1101,17/05/2022,07:47:00,15,Male,32,Clothing,2,300,132,600
1172,19/10/2022,21:12:00,150,Male,32,Beauty,2,25,28.5,50
1196,31/12/2022,21:18:00,93,Female,32,Clothing,3,300,306,900
1262,13/08/2022,20:33:00,127,Female,32,Beauty,4,30,8.4,120
1267,23/12/2022,21:03:00,91,Female,32,Beauty,3,30,9.6,90
1311,24/11/2023,15:22:00,84,Female,32,Beauty,4,25,9.25,100
1358,04/05/2023,21:40:00,5,Female,32,Beauty,1,300,156,300
1375,01/10/2022,17:50:00,79,Male,32,Clothing,1,50,59,50
1403,25/03/2023,18:20:00,4,Male,32,Clothing,2,300,162,600
1471,25/06/2023,10:34:00,30,Male,32,Clothing,3,50,13,150
1753,17/07/2022,07:40:00,28,Female,32,Clothing,1,30,10.5,30
1770,30/11/2023,20:08:00,65,Male,32,Clothing,1,50,56,50
1800,21/08/2022,10:53:00,1,Male,32,Clothing,4,300,111,1200
1849,21/07/2023,22:42:00,1,Male,32,Clothing,2,25,12,50
1851,10/09/2022,21:36:00,87,Male,32,Electronics,2,25,25,50
1916,08/11/2022,12:40:00,102,Female,32,Electronics,1,50,16.5,50
1923,03/04/2022,17:38:00,74,Male,32,Beauty,3,300,159,900
124,24/12/2022,21:17:00,83,Male,33,Clothing,4,500,515,2000
127,20/05/2023,19:37:00,40,Female,33,Clothing,2,25,7.5,50
526,19/11/2022,12:47:00,65,Male,33,Clothing,2,50,19.5,100
576,25/12/2023,17:30:00,113,Female,33,Beauty,3,50,20,150
737,23/03/2023,21:11:00,26,Female,33,Clothing,1,50,14,50
746,05/07/2022,11:33:00,42,Female,33,Clothing,,,,
761,14/11/2022,22:16:00,64,Female,33,Clothing,1,500,275,500
808,22/11/2023,07:18:00,30,Male,33,Beauty,4,500,195,2000
828,24/11/2022,15:54:00,76,Female,33,Electronics,4,300,132,1200
951,18/09/2022,21:35:00,58,Male,33,Beauty,2,50,57.5,100
1124,06/10/2023,20:04:00,83,Male,33,Clothing,4,500,515,2000
1127,15/03/2022,19:26:00,87,Female,33,Clothing,2,25,13,50
1526,25/09/2022,15:06:00,84,Male,33,Clothing,2,50,26.5,100
1576,14/12/2022,18:34:00,108,Female,33,Beauty,3,50,27.5,150
1737,14/11/2022,22:32:00,40,Female,33,Clothing,1,50,14,50
1746,13/06/2022,07:59:00,88,Female,33,Clothing,3,30,10.8,90
1761,09/12/2023,18:46:00,72,Female,33,Clothing,1,500,200,500
1808,12/02/2023,10:48:00,109,Male,33,Beauty,4,500,210,2000
1828,14/10/2022,14:14:00,99,Female,33,Electronics,4,300,165,1200
1951,03/12/2022,18:56:00,54,Male,33,Beauty,2,50,59.5,100
1,16/12/2022,19:10:00,50,Male,34,Beauty,3,50,16,150
41,11/10/2022,10:36:00,88,Male,34,Clothing,2,25,13.25,50
53,06/01/2022,17:57:00,32,Male,34,Electronics,2,50,22,100
79,13/04/2023,10:15:00,1,Male,34,Beauty,1,300,96,300
104,09/06/2022,22:58:00,129,Female,34,Beauty,2,500,190,1000
109,06/09/2023,19:57:00,94,Female,34,Electronics,4,500,560,2000
111,15/04/2023,09:45:00,5,Female,34,Electronics,3,500,130,1500
166,28/01/2023,11:42:00,32,Male,34,Clothing,4,500,225,2000
202,25/01/2023,06:24:00,61,Female,34,Clothing,4,300,120,1200
208,21/10/2023,20:56:00,144,Female,34,Electronics,4,50,57,200
308,31/03/2022,19:12:00,130,Female,34,Beauty,4,300,126,1200
361,12/09/2022,16:37:00,112,Female,34,Electronics,4,300,81,1200
490,27/01/2022,06:07:00,43,Male,34,Clothing,3,50,18.5,150
506,29/04/2022,07:13:00,9,Male,34,Beauty,3,500,200,1500
617,06/08/2022,19:12:00,30,Male,34,Electronics,1,30,28.5,30
623,15/11/2023,10:00:00,39,Male,34,Clothing,3,50,26,150
624,05/02/2022,19:08:00,48,Female,34,Beauty,3,300,342,900
652,31/10/2023,17:05:00,4,Female,34,Beauty,2,50,20.5,100
672,17/02/2022,19:44:00,1,Female,34,Beauty,2,50,27.5,100
703,31/07/2023,09:56:00,140,Male,34,Electronics,2,50,18.5,100
713,16/04/2022,11:43:00,39,Male,34,Beauty,3,25,11.25,75
733,25/10/2022,21:07:00,143,Male,34,Beauty,1,30,28.5,30
743,07/08/2022,07:54:00,55,Female,34,Beauty,4,500,260,2000
763,23/04/2022,09:43:00,58,Male,34,Clothing,2,25,11.5,50
784,18/10/2023,22:44:00,71,Female,34,Electronics,1,500,610,500
890,25/12/2023,14:44:00,76,Male,34,Electronics,2,25,13.5,50
935,10/09/2022,21:16:00,2,Female,34,Beauty,1,50,55.5,50
991,14/09/2023,14:28:00,110,Female,34,Clothing,2,50,19.5,100
1001,01/09/2023,20:11:00,99,Male,34,Beauty,3,50,22,150
1041,10/05/2022,07:27:00,74,Male,34,Clothing,2,25,11,50
1053,10/02/2023,21:13:00,40,Male,34,Electronics,2,50,20.5,100
1079,21/08/2023,06:45:00,1,Male,34,Beauty,1,300,117,300
1104,11/07/2022,20:13:00,70,Female,34,Beauty,2,500,150,1000
1109,13/12/2023,22:13:00,114,Female,34,Electronics,4,500,590,2000
1111,30/04/2023,21:34:00,2,Female,34,Electronics,3,500,185,1500
1166,19/07/2023,07:45:00,65,Male,34,Clothing,4,500,245,2000
1202,13/11/2023,06:56:00,89,Female,34,Clothing,4,300,144,1200
1208,15/10/2022,17:44:00,9,Female,34,Electronics,4,50,47.5,200
1308,19/06/2023,22:39:00,91,Female,34,Beauty,4,300,150,1200
1361,12/09/2023,16:00:00,89,Female,34,Electronics,4,300,153,1200
1490,26/10/2022,07:15:00,155,Male,34,Clothing,3,50,17,150
1506,09/01/2022,07:31:00,52,Male,34,Beauty,3,500,245,1500
1617,01/05/2022,17:09:00,77,Male,34,Electronics,1,30,35.1,30
1623,05/03/2023,06:14:00,76,Male,34,Clothing,3,50,22,150
1624,18/11/2022,20:48:00,121,Female,34,Beauty,3,300,363,900
1652,16/11/2023,20:00:00,2,Female,34,Beauty,2,50,20.5,100
1672,28/03/2023,22:34:00,87,Female,34,Beauty,2,50,15.5,100
1703,10/06/2023,08:36:00,2,Male,34,Electronics,2,50,17,100
1713,03/10/2022,10:10:00,90,Male,34,Beauty,3,25,10.75,75
1733,03/09/2023,20:52:00,146,Male,34,Beauty,1,30,36.6,30
1743,26/10/2022,09:37:00,47,Female,34,Beauty,4,500,250,2000
1763,30/06/2022,11:37:00,93,Male,34,Clothing,2,25,13.5,50
1784,28/12/2023,20:58:00,100,Female,34,Electronics,1,500,500,500
1890,18/10/2023,14:20:00,51,Male,34,Electronics,2,25,6.25,50
1935,16/12/2022,22:40:00,96,Female,34,Beauty,1,50,47.5,50
1991,04/12/2022,13:11:00,96,Female,34,Clothing,2,50,14.5,100
12,09/12/2022,22:09:00,114,Male,35,Beauty,3,25,25.25,75
23,28/09/2023,07:05:00,4,Female,35,Clothing,4,30,14.7,120
93,25/01/2022,20:52:00,148,Female,35,Beauty,4,500,140,2000
142,08/04/2022,10:05:00,61,Male,35,Electronics,4,300,138,1200
193,27/03/2022,10:40:00,55,Male,35,Beauty,3,500,180,1500
217,02/05/2022,17:01:00,17,Female,35,Electronics,4,50,26.5,200
348,17/10/2022,20:20:00,83,Female,35,Electronics,2,300,147,600
437,26/11/2023,18:53:00,56,Female,35,Electronics,4,300,345,1200
486,02/12/2023,09:47:00,4,Female,35,Electronics,1,25,6.5,25
529,29/11/2022,17:43:00,46,Female,35,Clothing,3,50,20.5,150
582,30/09/2022,21:38:00,110,Male,35,Clothing,3,300,75,900
593,18/01/2023,22:05:00,2,Male,35,Electronics,2,30,13.2,60
645,14/12/2022,22:11:00,51,Female,35,Electronics,4,30,11.1,120
750,13/11/2022,07:33:00,69,Female,35,Clothing,3,25,8.75,75
776,08/09/2023,18:57:00,109,Male,35,Clothing,3,30,30.9,90
781,19/10/2022,16:52:00,106,Male,35,Beauty,1,500,225,500
806,22/01/2023,08:08:00,14,Female,35,Beauty,3,300,165,900
819,15/08/2023,21:59:00,111,Female,35,Beauty,2,50,26,100
844,09/10/2023,17:54:00,95,Male,35,Clothing,3,50,62,150
889,20/09/2023,22:32:00,39,Female,35,Electronics,1,50,57.5,50
928,05/11/2023,10:20:00,54,Female,35,Clothing,4,300,90,1200
977,26/07/2022,08:35:00,46,Female,35,Electronics,3,25,13.75,75
1012,08/12/2022,18:47:00,56,Male,35,Beauty,3,25,27.25,75
1023,23/05/2023,08:40:00,5,Female,35,Clothing,4,30,8.1,120
1093,06/11/2023,17:26:00,87,Female,35,Beauty,4,500,270,2000
1142,09/11/2022,09:49:00,2,Male,35,Electronics,4,300,114,1200
1193,11/05/2022,11:31:00,50,Male,35,Beauty,3,500,145,1500
1217,16/10/2023,19:28:00,70,Female,35,Electronics,4,50,18,200
1348,25/10/2023,17:21:00,79,Female,35,Electronics,2,300,87,600
1437,04/09/2023,19:19:00,76,Female,35,Electronics,4,300,372,1200
1486,22/11/2023,08:58:00,4,Female,35,Electronics,1,25,8.75,25
1529,17/09/2022,22:38:00,105,Female,35,Clothing,3,50,17,150
1582,17/10/2023,19:12:00,56,Male,35,Clothing,3,300,114,900
1593,24/02/2023,22:39:00,5,Male,35,Electronics,2,30,14.4,60
1645,12/10/2023,17:27:00,109,Female,35,Electronics,4,30,9,120
1750,20/01/2022,10:10:00,138,Female,35,Clothing,3,25,7.25,75
1776,23/10/2022,20:07:00,111,Male,35,Clothing,3,30,32.1,90
1781,13/10/2022,12:22:00,55,Male,35,Beauty,1,500,225,500
1806,14/06/2023,10:13:00,61,Female,35,Beauty,3,300,102,900
1819,05/11/2022,20:44:00,83,Female,35,Beauty,2,50,13.5,100
1844,25/10/2022,20:30:00,70,Male,35,Clothing,3,50,50.5,150
1889,02/09/2022,22:48:00,80,Female,35,Electronics,1,50,56,50
1928,29/07/2023,06:39:00,93,Female,35,Clothing,4,300,75,1200
1977,05/08/2022,10:46:00,63,Female,35,Electronics,3,25,12,75
52,19/09/2022,09:42:00,55,Female,36,Beauty,1,300,111,300
139,15/09/2023,14:03:00,113,Male,36,Beauty,4,500,230,2000
227,15/11/2023,19:19:00,87,Male,36,Electronics,2,50,50.5,100
277,03/07/2023,22:10:00,139,Male,36,Clothing,4,25,12.25,100
340,19/09/2023,22:59:00,54,Female,36,Clothing,4,300,294,1200
519,08/04/2022,10:17:00,52,Female,36,Electronics,4,30,16.5,120
528,11/12/2023,21:51:00,102,Female,36,Clothing,2,30,9.6,60
546,30/12/2022,22:32:00,57,Female,36,Electronics,4,50,53.5,200
589,08/07/2023,07:11:00,5,Female,36,Beauty,2,500,145,1000
590,04/05/2023,11:52:00,151,Male,36,Clothing,3,300,135,900
700,01/09/2022,15:07:00,61,Male,36,Electronics,4,500,250,2000
730,20/02/2022,19:38:00,131,Female,36,Clothing,2,25,13.25,50
739,14/10/2023,17:09:00,57,Male,36,Beauty,1,25,10.25,25
950,22/09/2022,21:27:00,75,Male,36,Clothing,3,300,144,900
999,14/12/2022,16:45:00,110,Female,36,Electronics,3,50,21.5,150
1052,12/02/2022,06:12:00,94,Female,36,Beauty,1,300,120,300
1139,21/12/2023,14:23:00,87,Male,36,Beauty,4,500,230,2000
1227,01/10/2023,20:09:00,103,Male,36,Electronics,2,50,47.5,100
1277,17/10/2023,21:20:00,80,Male,36,Clothing,4,25,12.75,100
1340,30/10/2023,20:55:00,92,Female,36,Clothing,4,300,348,1200
1519,08/01/2022,07:35:00,139,Female,36,Electronics,4,30,9.3,120
1528,06/07/2023,19:44:00,126,Female,36,Clothing,2,30,12.3,60
1546,18/12/2022,19:06:00,93,Female,36,Electronics,4,50,48,200
1589,01/07/2023,06:30:00,5,Female,36,Beauty,2,500,145,1000
1590,10/08/2023,09:39:00,142,Male,36,Clothing,3,300,147,900
1700,27/09/2023,16:10:00,87,Male,36,Electronics,4,500,210,2000
1730,14/08/2023,19:17:00,116,Female,36,Clothing,2,25,10.75,50
1739,25/10/2023,17:52:00,67,Male,36,Beauty,1,25,11.25,25
1950,04/12/2022,19:23:00,50,Male,36,Clothing,3,300,84,900
1999,12/11/2022,13:06:00,61,Female,36,Electronics,3,50,13,150
4,27/08/2023,18:12:00,3,Male,37,Clothing,1,500,200,500
112,25/12/2023,18:44:00,57,Male,37,Clothing,3,500,165,1500
210,07/10/2023,08:50:00,2,Male,37,Electronics,4,50,19,200
258,29/12/2023,17:40:00,109,Female,37,Clothing,1,50,22,50
278,22/12/2023,11:42:00,71,Female,37,Clothing,4,25,13.5,100
280,17/11/2023,09:35:00,76,Female,37,Clothing,3,500,240,1500
304,23/03/2023,18:35:00,59,Female,37,Electronics,2,30,15.6,60
421,08/04/2022,08:43:00,66,Female,37,Clothing,3,500,235,1500
507,11/12/2022,21:40:00,52,Female,37,Electronics,3,500,485,1500
509,10/07/2023,19:35:00,70,Female,37,Electronics,3,300,141,900
598,23/06/2022,17:02:00,7,Male,37,Beauty,4,30,11.1,120
605,19/10/2023,22:24:00,76,Male,37,Electronics,2,500,180,1000
699,21/11/2022,22:21:00,129,Female,37,Clothing,4,30,16.2,120
835,30/09/2022,23:00:00,49,Male,37,Clothing,4,50,60,200
869,08/09/2022,22:16:00,51,Male,37,Beauty,3,500,485,1500
886,11/12/2023,11:25:00,4,Male,37,Electronics,3,300,165,900
1004,11/01/2023,21:46:00,2,Male,37,Clothing,1,500,230,500
1112,22/12/2022,17:11:00,94,Male,37,Clothing,3,500,180,1500
1210,10/03/2023,10:02:00,5,Male,37,Electronics,4,50,12.5,200
1258,03/12/2022,20:27:00,64,Female,37,Clothing,1,50,21.5,50
1278,19/07/2023,06:19:00,28,Female,37,Clothing,4,25,6.75,100
1280,24/08/2023,09:15:00,116,Female,37,Clothing,3,500,255,1500
1304,26/09/2022,22:19:00,4,Female,37,Electronics,2,30,9.3,60
1421,17/01/2022,07:07:00,59,Female,37,Clothing,3,500,185,1500
1507,27/12/2022,22:14:00,95,Female,37,Electronics,3,500,520,1500
1509,25/11/2022,20:40:00,67,Female,37,Electronics,3,300,129,900
1598,15/01/2023,19:17:00,126,Male,37,Beauty,4,30,9.9,120
1605,24/01/2022,19:39:00,2,Male,37,Electronics,2,500,165,1000
1699,29/07/2023,21:45:00,23,Female,37,Clothing,4,30,12.9,120
1835,18/09/2022,20:58:00,98,Male,37,Clothing,4,50,49.5,200
1869,23/10/2022,19:51:00,113,Male,37,Beauty,3,500,605,1500
1886,26/07/2023,11:51:00,1,Male,37,Electronics,3,300,147,900
27,14/12/2023,19:44:00,39,Female,38,Beauty,2,25,8.25,50
38,25/02/2023,11:39:00,147,Male,38,Beauty,4,50,26,200
54,20/10/2022,10:17:00,142,Female,38,Electronics,3,500,200,1500
84,10/11/2023,17:17:00,89,Female,38,Electronics,3,30,10.2,90
140,07/07/2022,20:20:00,61,Male,38,Electronics,1,30,14.4,30
146,10/11/2022,22:01:00,74,Male,38,Clothing,4,50,49,200
239,19/09/2022,19:34:00,1,Male,38,Electronics,3,500,165,1500
337,22/08/2023,17:56:00,1,Male,38,Clothing,1,500,275,500
464,06/03/2022,11:13:00,24,Male,38,Electronics,2,300,75,600
472,30/10/2023,15:23:00,95,Female,38,Beauty,3,300,162,900
504,31/03/2023,18:07:00,4,Female,38,Beauty,3,50,22,150
579,06/10/2023,17:43:00,41,Female,38,Electronics,1,30,36.6,30
588,18/10/2023,17:54:00,5,Male,38,Electronics,2,30,13.8,60
646,26/05/2023,21:02:00,3,Male,38,Clothing,3,30,13.5,90
660,29/07/2023,18:46:00,2,Female,38,Beauty,2,500,270,1000
674,30/03/2023,11:10:00,2,Female,38,Clothing,1,300,84,300
683,06/03/2022,10:22:00,82,Male,38,Beauty,2,500,175,1000
742,19/03/2022,06:08:00,37,Female,38,Electronics,4,500,195,2000
766,04/01/2022,08:02:00,128,Male,38,Electronics,3,300,165,900
1027,30/04/2022,21:00:00,131,Female,38,Beauty,2,25,7.5,50
1038,30/12/2023,09:09:00,11,Male,38,Beauty,4,50,20.5,200
1054,10/01/2022,09:24:00,49,Female,38,Electronics,3,500,140,1500
1084,23/10/2022,20:37:00,93,Female,38,Electronics,3,30,7.8,90
1140,22/05/2022,19:26:00,154,Male,38,Electronics,1,30,15.9,30
1146,09/10/2023,21:11:00,52,Male,38,Clothing,4,50,60,200
1239,08/07/2022,20:42:00,134,Male,38,Electronics,3,500,255,1500
1337,21/07/2023,19:56:00,2,Male,38,Clothing,1,500,225,500
1464,13/11/2022,10:06:00,80,Male,38,Electronics,2,300,126,600
1472,18/12/2023,15:22:00,74,Female,38,Beauty,3,300,150,900
1504,25/01/2023,17:01:00,4,Female,38,Beauty,3,50,25.5,150
1579,28/09/2023,17:38:00,119,Female,38,Electronics,1,30,28.8,30
1588,25/06/2023,21:29:00,4,Male,38,Electronics,2,30,13.2,60
1646,18/01/2023,19:43:00,1,Male,38,Clothing,3,30,15.6,90
1660,23/09/2023,20:27:00,2,Female,38,Beauty,2,500,160,1000
1674,22/11/2023,09:21:00,1,Female,38,Clothing,1,300,123,300
1683,04/05/2022,07:19:00,98,Male,38,Beauty,2,500,220,1000
1742,22/11/2022,08:25:00,18,Female,38,Electronics,4,500,220,2000
1766,22/11/2022,06:08:00,6,Male,38,Electronics,3,300,129,900
30,10/10/2023,20:05:00,59,Female,39,Beauty,3,300,285,900
145,06/11/2022,19:21:00,64,Female,39,Clothing,3,25,27.5,75
162,11/04/2023,19:37:00,118,Male,39,Clothing,2,30,9,60
174,15/11/2023,06:07:00,2,Female,39,Beauty,1,300,126,300
204,10/09/2022,21:04:00,101,Male,39,Beauty,1,25,31.25,25
221,27/11/2023,21:01:00,3,Male,39,Beauty,2,300,111,600
238,10/05/2022,11:52:00,20,Female,39,Beauty,1,500,150,500
328,29/10/2023,06:56:00,9,Male,39,Beauty,2,50,27,100
390,07/10/2022,20:53:00,88,Male,39,Electronics,2,50,51,100
458,28/11/2023,21:35:00,110,Female,39,Electronics,4,25,7,100
501,28/06/2023,20:21:00,2,Male,39,Electronics,2,30,9,60
510,29/05/2023,17:04:00,14,Female,39,Beauty,4,50,13,200
614,13/02/2023,06:28:00,61,Female,39,Beauty,4,300,120,1200
633,06/07/2023,22:20:00,35,Male,39,Beauty,4,30,12.3,120
659,09/06/2023,06:08:00,75,Female,39,Electronics,1,30,8.1,30
694,30/06/2023,17:47:00,3,Female,39,Electronics,2,25,10,50
767,07/11/2022,22:44:00,72,Male,39,Beauty,3,25,24.5,75
803,25/10/2022,17:16:00,60,Male,39,Clothing,4,25,6.75,100
1030,27/11/2022,18:02:00,96,Female,39,Beauty,3,300,309,900
1145,01/09/2023,19:19:00,87,Female,39,Clothing,3,25,31,75
1162,13/07/2022,17:08:00,101,Male,39,Clothing,2,30,12.6,60
1174,17/05/2023,06:55:00,2,Female,39,Beauty,1,300,132,300
1204,10/12/2023,19:24:00,72,Male,39,Beauty,1,25,27.5,25
1221,14/09/2023,22:57:00,5,Male,39,Beauty,2,300,114,600
1238,17/09/2022,07:38:00,129,Female,39,Beauty,1,500,165,500
1328,10/12/2023,07:49:00,60,Male,39,Beauty,2,50,24.5,100
1390,24/10/2022,22:47:00,117,Male,39,Electronics,2,50,54,100
1458,09/10/2023,19:21:00,95,Female,39,Electronics,4,25,9.75,100
1501,31/01/2023,18:00:00,1,Male,39,Electronics,2,30,13.5,60
1510,20/11/2022,18:21:00,124,Female,39,Beauty,4,50,19,200
1614,23/08/2023,11:37:00,135,Female,39,Beauty,4,300,105,1200
1633,31/12/2022,18:18:00,152,Male,39,Beauty,4,30,11.4,120
1659,27/07/2023,09:29:00,22,Female,39,Electronics,1,30,9,30
1694,10/01/2023,19:22:00,4,Female,39,Electronics,2,25,9.75,50
1767,10/12/2022,17:35:00,87,Male,39,Beauty,3,25,28.25,75
1803,26/12/2023,19:36:00,101,Male,39,Clothing,4,25,8.5,100
47,22/10/2022,17:22:00,96,Female,40,Beauty,3,500,600,1500
81,07/06/2023,22:48:00,4,Male,40,Electronics,1,50,14.5,50
123,11/08/2023,19:00:00,3,Female,40,Electronics,2,30,11.7,60
178,11/10/2023,17:51:00,142,Male,40,Clothing,2,30,34.2,60
188,31/08/2023,18:50:00,3,Male,40,Clothing,3,25,8.5,75
297,12/09/2022,21:09:00,70,Female,40,Electronics,2,500,595,1000
357,18/05/2023,18:57:00,4,Female,40,Electronics,3,25,7.5,75
428,02/12/2022,22:44:00,50,Female,40,Electronics,4,50,49.5,200
460,01/05/2023,23:00:00,2,Male,40,Beauty,1,50,19,50
468,05/12/2022,14:32:00,86,Male,40,Electronics,1,25,12.25,25
518,31/07/2023,17:01:00,2,Female,40,Clothing,1,30,16.2,30
550,27/09/2023,16:58:00,80,Male,40,Clothing,3,300,90,900
559,12/12/2022,10:48:00,5,Female,40,Clothing,4,300,84,1200
587,04/09/2023,19:00:00,91,Female,40,Beauty,4,300,99,1200
603,18/04/2022,20:17:00,95,Female,40,Clothing,3,30,14.1,90
621,13/04/2022,09:55:00,138,Female,40,Beauty,2,500,275,1000
641,25/12/2023,18:30:00,105,Female,40,Electronics,1,300,144,300
657,29/01/2022,08:53:00,46,Male,40,Clothing,1,25,8,25
744,23/05/2023,18:02:00,1,Male,40,Electronics,1,25,6.5,25
764,07/11/2023,08:46:00,47,Female,40,Clothing,1,25,11.25,25
774,06/11/2023,09:04:00,2,Female,40,Clothing,2,25,6.5,50
883,20/08/2023,20:43:00,5,Male,40,Electronics,1,500,245,500
969,27/11/2023,11:47:00,2,Female,40,Clothing,3,300,84,900
1047,04/12/2022,21:53:00,84,Female,40,Beauty,3,500,490,1500
1081,27/06/2023,22:23:00,5,Male,40,Electronics,1,50,17,50
1123,11/12/2023,21:04:00,1,Female,40,Electronics,2,30,10.8,60
1178,29/12/2023,21:15:00,137,Male,40,Clothing,2,30,33,60
1188,04/06/2023,22:43:00,2,Male,40,Clothing,3,25,10.75,75
1297,20/10/2023,22:32:00,21,Female,40,Electronics,2,500,535,1000
1357,20/03/2023,19:14:00,3,Female,40,Electronics,3,25,11.5,75
1428,09/09/2023,18:44:00,96,Female,40,Electronics,4,50,57,200
1460,25/01/2023,19:42:00,4,Male,40,Beauty,1,50,22,50
1468,08/11/2023,13:14:00,73,Male,40,Electronics,1,25,9.75,25
1518,18/05/2023,20:03:00,3,Female,40,Clothing,1,30,12.6,30
1550,30/09/2022,13:11:00,73,Male,40,Clothing,3,300,147,900
1559,20/08/2022,07:40:00,49,Female,40,Clothing,4,300,144,1200
1587,05/11/2022,20:06:00,140,Female,40,Beauty,4,300,105,1200
1603,04/12/2023,20:50:00,132,Female,40,Clothing,3,30,13.2,90
1621,22/09/2022,10:49:00,2,Female,40,Beauty,2,500,160,1000
1641,01/09/2022,17:41:00,65,Female,40,Electronics,1,300,165,300
1657,09/08/2022,10:05:00,61,Male,40,Clothing,1,25,8,25
1744,07/07/2023,21:49:00,4,Male,40,Electronics,1,25,8.75,25
1764,02/11/2023,11:04:00,13,Female,40,Clothing,1,25,11.75,25
1774,09/03/2023,06:48:00,2,Female,40,Clothing,2,25,8,50
1797,16/04/2022,11:47:00,147,Male,40,Clothing,3,25,12.25,75
1883,20/09/2023,17:54:00,3,Male,40,Electronics,1,500,200,500
1969,05/03/2023,19:34:00,4,Female,40,Clothing,3,300,126,900
100,08/02/2022,19:34:00,21,Male,41,Electronics,1,30,9.3,30
113,08/10/2022,19:14:00,72,Female,41,Electronics,2,25,26.25,50
180,05/11/2022,10:47:00,117,Male,41,Clothing,3,300,129,900
247,23/12/2022,17:56:00,82,Male,41,Electronics,2,30,31.5,60
254,14/12/2022,22:45:00,104,Male,41,Electronics,1,500,165,500
312,31/10/2022,18:08:00,18,Male,41,Clothing,4,30,28.5,120
402,12/07/2023,08:45:00,63,Female,41,Clothing,2,300,135,600
493,01/12/2022,20:10:00,95,Male,41,Beauty,2,25,7.75,50
497,31/12/2023,18:11:00,127,Male,41,Clothing,4,30,37.2,120
558,26/10/2023,17:47:00,108,Female,41,Clothing,1,25,26,25
571,20/10/2022,12:51:00,87,Female,41,Electronics,1,50,16,50
616,31/12/2022,19:18:00,122,Male,41,Clothing,2,50,49.5,100
693,08/06/2023,17:12:00,1,Male,41,Beauty,3,500,270,1500
738,05/02/2023,18:24:00,5,Male,41,Clothing,2,50,26,100
787,10/06/2022,10:42:00,25,Male,41,Electronics,1,25,13.75,25
852,01/10/2022,19:35:00,82,Female,41,Clothing,1,300,375,300
861,30/09/2022,08:57:00,22,Female,41,Clothing,3,30,9.6,90
891,09/01/2023,06:43:00,24,Male,41,Electronics,3,300,99,900
922,19/10/2023,22:54:00,103,Male,41,Electronics,1,50,60.5,50
949,20/06/2023,20:28:00,21,Female,41,Electronics,2,25,9,50
995,04/03/2023,22:38:00,4,Female,41,Clothing,1,30,9.9,30
1100,20/01/2023,18:15:00,136,Male,41,Electronics,1,30,13.2,30
1113,08/12/2023,17:41:00,141,Female,41,Electronics,2,25,27.75,50
1180,06/01/2022,08:53:00,85,Male,41,Clothing,3,300,129,900
1247,02/09/2023,18:17:00,78,Male,41,Electronics,2,30,35.7,60
1254,12/04/2023,18:24:00,86,Male,41,Electronics,1,500,180,500
1312,03/12/2022,17:28:00,73,Male,41,Clothing,4,30,29.1,120
1402,24/06/2023,06:47:00,110,Female,41,Clothing,2,300,156,600
1493,26/11/2023,21:49:00,58,Male,41,Beauty,2,25,6.75,50
1497,19/11/2022,21:44:00,109,Male,41,Clothing,4,30,32.4,120
1558,22/12/2022,20:37:00,91,Female,41,Clothing,1,25,27.75,25
1571,08/11/2022,14:55:00,105,Female,41,Electronics,1,50,25,50
1616,22/09/2022,18:41:00,121,Male,41,Clothing,2,50,59,100
1693,20/02/2023,18:21:00,1,Male,41,Beauty,3,500,130,1500
1738,12/11/2023,21:33:00,1,Male,41,Clothing,2,50,16,100
1787,30/05/2022,07:42:00,104,Male,41,Electronics,1,25,10,25
1852,11/10/2023,18:09:00,109,Female,41,Clothing,1,300,333,300
1861,04/07/2022,10:41:00,145,Female,41,Clothing,3,30,10.2,90
1891,22/12/2023,06:11:00,81,Male,41,Electronics,3,300,105,900
1922,28/10/2023,20:07:00,72,Male,41,Electronics,1,50,48.5,50
1949,11/11/2022,20:24:00,105,Female,41,Electronics,2,25,12.5,50
1995,10/12/2023,22:18:00,5,Female,41,Clothing,1,30,14.7,30
15,01/07/2022,11:50:00,75,Female,42,Electronics,4,500,210,2000
29,08/03/2022,20:10:00,31,Female,42,Electronics,1,30,13.5,30
132,22/11/2023,20:34:00,86,Male,42,Electronics,4,50,62,200
197,03/04/2022,11:57:00,14,Female,42,Clothing,4,50,25.5,200
207,06/08/2023,08:34:00,3,Female,42,Beauty,2,25,10.25,50
211,12/09/2022,14:02:00,54,Male,42,Beauty,3,500,235,1500
344,17/07/2022,09:47:00,69,Female,42,Beauty,1,30,7.5,30
347,26/03/2022,19:31:00,26,Male,42,Electronics,1,25,7,25
360,09/09/2022,09:04:00,26,Male,42,Clothing,4,25,10.5,100
438,31/08/2022,10:15:00,88,Female,42,Clothing,1,30,15.9,30
480,22/12/2022,22:12:00,126,Female,42,Beauty,4,500,225,2000
494,25/09/2023,20:18:00,140,Female,42,Beauty,4,50,58,200
630,21/03/2023,17:29:00,94,Male,42,Clothing,2,50,25.5,100
654,14/08/2023,17:40:00,92,Male,42,Clothing,3,25,9.25,75
715,11/10/2022,20:57:00,55,Female,42,Beauty,4,25,6.25,100
719,02/07/2023,07:19:00,37,Female,42,Clothing,2,30,12,60
749,26/07/2023,20:33:00,2,Male,42,Beauty,1,30,8.4,30
751,08/11/2023,19:58:00,115,Female,42,Clothing,2,25,24.75,50
804,11/12/2023,17:12:00,99,Male,42,Electronics,1,30,10.8,30
833,09/05/2023,18:39:00,85,Male,42,Beauty,4,50,24.5,200
846,22/12/2023,18:46:00,13,Male,42,Beauty,1,50,59.5,50
865,17/12/2023,14:49:00,78,Female,42,Clothing,1,300,108,300
898,17/09/2023,20:55:00,53,Female,42,Clothing,3,30,35.1,90
911,15/07/2023,17:29:00,3,Male,42,Electronics,3,300,84,900
918,13/10/2023,21:59:00,114,Female,42,Electronics,3,30,16.2,90
959,18/09/2022,17:59:00,54,Female,42,Electronics,2,30,28.5,60
1015,09/03/2022,11:53:00,94,Female,42,Electronics,4,500,200,2000
1029,18/07/2023,19:23:00,117,Female,42,Electronics,1,30,12.3,30
1132,07/11/2023,17:27:00,14,Male,42,Electronics,4,50,59,200
1197,13/08/2022,10:07:00,77,Female,42,Clothing,4,50,19,200
1207,30/06/2023,21:48:00,3,Female,42,Beauty,2,25,10,50
1211,22/11/2023,14:59:00,82,Male,42,Beauty,3,500,235,1500
1344,18/12/2022,06:12:00,144,Female,42,Beauty,1,30,11.1,30
1347,21/11/2023,21:55:00,7,Male,42,Electronics,1,25,13,25
1360,18/06/2022,09:31:00,93,Male,42,Clothing,4,25,6.25,100
1438,07/01/2022,10:00:00,72,Female,42,Clothing,1,30,13.8,30
1480,26/11/2023,18:05:00,3,Female,42,Beauty,4,500,165,2000
1494,23/10/2022,19:29:00,74,Female,42,Beauty,4,50,62.5,200
1630,22/05/2022,17:22:00,95,Male,42,Clothing,2,50,16,100
1654,13/10/2023,20:47:00,111,Male,42,Clothing,3,25,6.25,75
1715,30/12/2022,19:35:00,89,Female,42,Beauty,4,25,9.75,100
1719,28/12/2023,07:29:00,4,Female,42,Clothing,2,30,10.8,60
1749,07/05/2023,19:55:00,2,Male,42,Beauty,1,30,9,30
1751,27/12/2023,22:09:00,99,Female,42,Clothing,2,25,30.25,50
1804,10/01/2023,22:46:00,74,Male,42,Electronics,1,30,14.7,30
1833,30/01/2022,17:20:00,56,Male,42,Beauty,4,50,18,200
1846,16/11/2023,17:51:00,83,Male,42,Beauty,1,50,49.5,50
1865,18/11/2022,14:52:00,107,Female,42,Clothing,1,300,156,300
1898,13/11/2023,18:17:00,81,Female,42,Clothing,3,30,35.1,90
1911,13/12/2023,18:33:00,4,Male,42,Electronics,3,300,75,900
1918,10/12/2022,21:57:00,56,Female,42,Electronics,3,30,13.2,90
1959,08/10/2022,19:56:00,95,Female,42,Electronics,2,30,34.2,60
28,11/12/2023,22:34:00,3,Female,43,Beauty,1,500,150,500
70,27/12/2022,10:48:00,147,Female,43,Clothing,1,300,84,300
152,16/06/2022,11:58:00,120,Male,43,Electronics,4,500,210,2000
156,02/12/2022,19:34:00,60,Female,43,Clothing,4,25,7,100
160,20/07/2022,17:08:00,127,Female,43,Clothing,2,50,26.5,100
167,21/09/2023,20:58:00,73,Female,43,Clothing,3,50,49,150
176,26/05/2023,18:15:00,53,Female,43,Beauty,2,50,25.5,100
183,01/09/2022,19:22:00,28,Female,43,Beauty,3,300,375,900
205,22/11/2022,17:20:00,88,Female,43,Clothing,1,25,25.5,25
232,12/08/2022,07:14:00,150,Female,43,Beauty,1,25,12.75,25
270,17/12/2022,17:46:00,84,Male,43,Electronics,1,300,117,300
275,05/03/2023,11:34:00,2,Male,43,Clothing,2,500,260,1000
284,12/11/2022,09:17:00,129,Male,43,Clothing,4,50,20.5,200
342,05/11/2023,17:24:00,85,Female,43,Clothing,4,500,500,2000
417,01/10/2023,22:03:00,109,Male,43,Electronics,3,300,162,900
430,23/05/2023,18:36:00,100,Female,43,Electronics,3,300,153,900
434,26/10/2022,06:09:00,50,Female,43,Electronics,2,25,8.25,50
465,22/02/2023,11:52:00,40,Female,43,Electronics,3,50,15.5,150
477,03/12/2023,17:24:00,3,Male,43,Clothing,4,30,16.2,120
481,13/07/2023,17:12:00,48,Female,43,Electronics,4,300,114,1200
502,22/07/2023,11:00:00,31,Male,43,Electronics,3,50,22.5,150
637,02/12/2022,18:54:00,21,Male,43,Clothing,2,300,321,600
673,04/07/2022,10:14:00,18,Female,43,Clothing,3,500,270,1500
681,04/08/2023,22:12:00,24,Female,43,Electronics,2,30,8.4,60
708,06/04/2022,08:38:00,62,Female,43,Beauty,3,300,87,900
754,26/09/2023,18:40:00,90,Female,43,Electronics,4,25,23.75,100
757,06/10/2023,12:10:00,82,Female,43,Electronics,4,300,105,1200
765,16/10/2022,19:03:00,77,Male,43,Clothing,4,50,12.5,200
796,01/10/2022,19:50:00,38,Male,43,Beauty,4,30,7.8,120
876,03/10/2023,19:39:00,104,Male,43,Clothing,4,30,30,120
927,21/02/2022,17:13:00,83,Male,43,Electronics,4,500,250,2000
1028,09/03/2023,18:09:00,1,Female,43,Beauty,1,500,250,500
1070,14/07/2022,11:12:00,102,Female,43,Clothing,1,300,120,300
1152,26/12/2022,07:48:00,87,Male,43,Electronics,4,500,170,2000
1156,26/12/2022,21:10:00,68,Female,43,Clothing,4,25,13.5,100
1160,20/08/2023,19:20:00,105,Female,43,Clothing,2,50,14,100
1167,29/09/2023,21:21:00,9,Female,43,Clothing,3,50,54,150
1176,04/01/2023,20:33:00,34,Female,43,Beauty,2,50,21,100
1183,28/12/2022,17:10:00,54,Female,43,Beauty,3,300,342,900
1205,25/11/2022,19:19:00,97,Female,43,Clothing,1,25,7.25,25
1232,23/05/2022,08:05:00,146,Female,43,Beauty,1,25,6.25,25
1270,25/08/2022,22:54:00,84,Male,43,Electronics,1,300,108,300
1275,02/03/2023,08:48:00,5,Male,43,Clothing,2,500,250,1000
1284,16/12/2022,11:43:00,145,Male,43,Clothing,4,50,18,200
1342,18/09/2022,23:00:00,114,Female,43,Clothing,4,500,485,2000
1417,26/12/2022,17:43:00,54,Male,43,Electronics,3,300,147,900
1430,31/10/2023,18:25:00,22,Female,43,Electronics,3,300,132,900
1434,04/02/2022,10:02:00,147,Female,43,Electronics,2,25,7,50
1465,17/04/2023,09:36:00,131,Female,43,Electronics,3,50,26,150
1477,08/01/2023,21:59:00,3,Male,43,Clothing,4,30,15.6,120
1481,09/11/2023,17:22:00,20,Female,43,Electronics,4,300,114,1200
1502,08/04/2023,08:30:00,152,Male,43,Electronics,3,50,18,150
1637,25/10/2022,20:50:00,97,Male,43,Clothing,2,300,297,600
1673,14/06/2022,07:36:00,42,Female,43,Clothing,3,500,185,1500
1681,09/11/2022,19:32:00,53,Female,43,Electronics,2,30,11.1,60
1708,08/02/2022,07:47:00,41,Female,43,Beauty,3,300,162,900
1754,01/12/2022,21:03:00,107,Female,43,Electronics,4,25,28.5,100
1757,29/09/2023,16:42:00,50,Female,43,Electronics,4,300,132,1200
1765,18/10/2022,22:49:00,13,Male,43,Clothing,4,50,16,200
1796,12/11/2023,18:36:00,69,Male,43,Beauty,4,30,11.1,120
1876,05/11/2023,19:53:00,68,Male,43,Clothing,4,30,32.1,120
1927,06/09/2023,19:44:00,46,Male,43,Electronics,4,500,180,2000
31,31/12/2023,17:47:00,3,Male,44,Electronics,4,300,129,1200
96,22/11/2023,14:10:00,62,Female,44,Clothing,2,300,84,600
136,26/12/2023,08:59:00,25,Male,44,Electronics,2,300,141,600
158,21/01/2022,11:38:00,141,Female,44,Electronics,2,300,132,600
381,30/01/2022,19:05:00,63,Female,44,Clothing,4,25,12.25,100
387,26/01/2023,21:58:00,118,Male,44,Beauty,1,30,9,30
413,28/11/2023,21:52:00,60,Female,44,Beauty,3,25,25.5,75
419,31/03/2023,19:18:00,5,Female,44,Clothing,3,30,11.7,90
487,09/04/2023,21:03:00,36,Male,44,Clothing,4,500,235,2000
489,31/10/2023,22:01:00,1,Male,44,Electronics,1,30,14.4,30
661,05/08/2022,22:09:00,10,Female,44,Clothing,4,25,7,100
664,03/09/2022,16:52:00,109,Female,44,Clothing,4,500,170,2000
944,23/08/2022,20:22:00,136,Male,44,Clothing,2,25,12,50
962,15/12/2023,22:02:00,76,Male,44,Clothing,2,30,35.1,60
989,31/10/2022,13:30:00,97,Female,44,Electronics,1,25,8.25,25
1031,12/11/2023,21:15:00,3,Male,44,Electronics,4,300,126,1200
1096,01/12/2022,14:49:00,82,Female,44,Clothing,2,300,138,600
1136,02/07/2023,08:41:00,93,Male,44,Electronics,2,300,81,600
1158,24/02/2022,09:29:00,77,Female,44,Electronics,2,300,138,600
1381,26/10/2022,17:26:00,48,Female,44,Clothing,4,25,7.75,100
1387,26/07/2022,17:48:00,37,Male,44,Beauty,1,30,15.6,30
1413,12/11/2023,19:33:00,104,Female,44,Beauty,3,25,30.75,75
1419,05/02/2023,18:42:00,3,Female,44,Clothing,3,30,9.3,90
1487,01/02/2023,19:01:00,131,Male,44,Clothing,4,500,140,2000
1489,28/04/2023,18:30:00,2,Male,44,Electronics,1,30,10.5,30
1661,07/07/2023,19:18:00,20,Female,44,Clothing,4,25,6.25,100
1664,12/12/2023,16:44:00,99,Female,44,Clothing,4,500,245,2000
1944,18/07/2023,21:08:00,63,Male,44,Clothing,2,25,6.5,50
1962,07/09/2022,18:59:00,65,Male,44,Clothing,2,30,32.7,60
1989,06/09/2022,16:21:00,109,Female,44,Electronics,1,25,13.25,25
6,15/11/2023,22:16:00,2,Female,45,Beauty,1,30,15,30
40,07/06/2022,21:33:00,78,Male,45,Beauty,1,50,24.5,50
66,18/06/2023,22:49:00,3,Female,45,Electronics,1,30,9,30
143,11/02/2023,22:20:00,118,Female,45,Clothing,1,50,27.5,50
177,24/03/2023,08:40:00,30,Male,45,Beauty,2,50,26.5,100
199,26/10/2023,21:34:00,53,Male,45,Beauty,3,500,135,1500
259,11/03/2023,20:26:00,93,Female,45,Clothing,4,50,22.5,200
451,09/10/2023,15:38:00,74,Female,45,Electronics,1,30,13.5,30
503,08/10/2023,20:06:00,63,Male,45,Beauty,4,500,570,2000
511,23/12/2023,18:19:00,146,Male,45,Beauty,2,50,24.5,100
534,27/04/2023,22:30:00,112,Male,45,Clothing,2,500,140,1000
551,21/03/2023,22:45:00,99,Male,45,Electronics,3,300,141,900
565,05/09/2023,20:24:00,75,Female,45,Beauty,2,30,9,60
675,19/07/2023,18:10:00,26,Female,45,Clothing,2,30,15.9,60
907,02/09/2022,06:16:00,145,Female,45,Electronics,1,25,8.5,25
932,08/10/2022,08:33:00,120,Female,45,Beauty,4,25,7.75,100
953,02/07/2023,17:58:00,1,Male,45,Beauty,3,30,12.6,90
1006,29/10/2023,19:23:00,2,Female,45,Beauty,1,30,14.1,30
1040,12/12/2023,21:24:00,112,Male,45,Beauty,1,50,21,50
1066,06/10/2023,18:11:00,4,Female,45,Electronics,1,30,8.4,30
1143,01/05/2023,21:10:00,23,Female,45,Clothing,1,50,15,50
1177,20/02/2023,09:19:00,89,Male,45,Beauty,2,50,15,100
1199,16/12/2023,17:46:00,110,Male,45,Beauty,3,500,190,1500
1259,03/11/2022,17:31:00,105,Female,45,Clothing,4,50,21,200
1451,23/09/2022,12:10:00,94,Female,45,Electronics,1,30,13.2,30
1503,17/10/2022,18:28:00,67,Male,45,Beauty,4,500,605,2000
1511,09/04/2022,21:36:00,45,Male,45,Beauty,2,50,13.5,100
1534,13/06/2022,19:44:00,72,Male,45,Clothing,2,500,270,1000
1551,12/11/2023,22:36:00,84,Male,45,Electronics,3,300,81,900
1565,04/09/2023,20:45:00,74,Female,45,Beauty,2,30,11.1,60
1675,17/05/2022,19:55:00,152,Female,45,Clothing,2,30,16.2,60
1907,17/11/2022,11:21:00,115,Female,45,Electronics,1,25,9,25
1932,08/11/2022,07:07:00,96,Female,45,Beauty,4,25,6.25,100
1953,15/05/2023,17:34:00,3,Male,45,Beauty,3,30,10.2,90
7,06/07/2023,06:24:00,38,Male,46,Clothing,2,25,13.25,50
106,17/05/2023,18:58:00,1,Female,46,Clothing,1,50,15,50
137,10/09/2022,20:42:00,66,Male,46,Beauty,2,500,125,1000
329,27/10/2022,07:42:00,52,Female,46,Electronics,4,25,8,100
377,13/09/2022,08:30:00,141,Female,46,Clothing,4,50,18,200
383,24/03/2023,08:53:00,64,Female,46,Beauty,3,30,7.8,90
404,13/02/2023,19:55:00,59,Male,46,Electronics,2,500,160,1000
407,16/07/2022,22:17:00,117,Female,46,Electronics,3,300,138,900
454,12/03/2022,07:20:00,13,Female,46,Beauty,1,25,13,25
499,03/04/2022,10:52:00,15,Male,46,Beauty,2,30,16.5,60
522,09/07/2022,11:00:00,52,Male,46,Beauty,3,500,145,1500
524,17/09/2023,19:52:00,12,Male,46,Beauty,4,300,297,1200
540,22/12/2022,16:17:00,79,Female,46,Electronics,3,300,87,900
554,06/12/2022,21:04:00,94,Female,46,Beauty,3,50,13,150
592,26/12/2022,09:15:00,77,Female,46,Beauty,4,500,275,2000
638,10/01/2023,19:52:00,154,Male,46,Electronics,1,500,190,500
682,23/10/2023,20:51:00,60,Male,46,Beauty,4,300,354,1200
775,06/05/2022,11:07:00,98,Female,46,Electronics,4,25,9.5,100
802,22/09/2023,18:00:00,57,Female,46,Beauty,1,30,9.9,30
825,08/01/2022,17:27:00,51,Female,46,Beauty,1,25,27.25,25
826,24/12/2022,19:08:00,81,Female,46,Clothing,1,300,303,300
870,11/04/2022,19:41:00,16,Female,46,Electronics,4,30,11.1,120
908,30/10/2022,14:47:00,64,Male,46,Beauty,4,300,81,1200
939,07/11/2022,15:28:00,75,Female,46,Electronics,1,300,81,300
982,10/11/2022,14:08:00,50,Female,46,Beauty,3,30,15.6,90
1007,09/06/2023,10:09:00,15,Male,46,Clothing,2,25,11.5,50
1106,12/08/2023,17:50:00,3,Female,46,Clothing,1,50,14,50
1137,05/11/2022,22:34:00,104,Male,46,Beauty,2,500,145,1000
1329,27/01/2022,10:39:00,119,Female,46,Electronics,4,25,9.25,100
1377,21/03/2022,07:52:00,71,Female,46,Clothing,4,50,14,200
1383,06/09/2023,09:13:00,68,Female,46,Beauty,3,30,14.1,90
1404,20/08/2023,18:15:00,155,Male,46,Electronics,2,500,185,1000
1407,10/04/2022,19:41:00,54,Female,46,Electronics,3,300,120,900
1454,25/06/2022,11:18:00,22,Female,46,Beauty,1,25,6.75,25
1499,23/09/2022,09:46:00,3,Male,46,Beauty,2,30,11.7,60
1522,14/11/2022,08:35:00,48,Male,46,Beauty,3,500,235,1500
1524,26/10/2022,22:10:00,115,Male,46,Beauty,4,300,321,1200
1540,12/10/2023,16:51:00,115,Female,46,Electronics,3,300,147,900
1554,27/11/2023,19:55:00,83,Female,46,Beauty,3,50,15.5,150
1592,16/03/2022,09:08:00,81,Female,46,Beauty,4,500,155,2000
1638,13/08/2022,18:26:00,37,Male,46,Electronics,1,500,155,500
1682,30/12/2022,19:30:00,71,Male,46,Beauty,4,300,315,1200
1775,18/12/2022,08:04:00,78,Female,46,Electronics,4,25,13.75,100
1802,13/07/2022,22:17:00,33,Female,46,Beauty,1,30,9.6,30
1825,30/08/2023,18:34:00,105,Female,46,Beauty,1,25,27,25
1826,30/12/2022,22:05:00,104,Female,46,Clothing,1,300,297,300
1870,09/11/2023,20:38:00,119,Female,46,Electronics,4,30,10.5,120
1908,17/12/2023,12:34:00,93,Male,46,Beauty,4,300,87,1200
1939,31/10/2022,13:30:00,74,Female,46,Electronics,1,300,135,300
1982,09/09/2023,12:46:00,110,Female,46,Beauty,3,30,16.5,90
18,06/09/2023,19:13:00,5,Female,47,Electronics,2,25,12.5,50
77,07/04/2022,20:45:00,44,Female,47,Clothing,2,50,24,100
78,17/02/2023,21:08:00,68,Female,47,Clothing,3,500,265,1500
94,13/03/2023,22:39:00,5,Female,47,Beauty,2,500,250,1000
102,17/04/2023,21:34:00,5,Female,47,Beauty,2,25,7.25,50
164,28/02/2023,18:26:00,3,Female,47,Beauty,3,500,185,1500
243,24/06/2023,18:02:00,5,Female,47,Electronics,3,300,156,900
245,01/12/2023,21:41:00,75,Male,47,Clothing,3,30,36,90
264,26/12/2022,11:03:00,111,Male,47,Clothing,3,300,150,900
315,03/07/2023,18:53:00,122,Male,47,Clothing,2,30,15,60
335,02/02/2022,09:23:00,2,Female,47,Beauty,4,30,10.8,120
379,01/06/2022,07:28:00,76,Female,47,Clothing,1,25,8.5,25
517,20/08/2023,08:54:00,3,Female,47,Clothing,4,25,9.25,100
521,28/10/2023,19:56:00,133,Female,47,Clothing,4,30,8.7,120
525,05/09/2022,14:15:00,98,Female,47,Beauty,2,25,7,50
535,20/11/2023,13:46:00,59,Male,47,Beauty,3,30,16.2,90
609,19/11/2023,13:02:00,59,Female,47,Clothing,2,50,13,100
619,09/10/2023,18:10:00,56,Male,47,Electronics,4,25,26.25,100
726,05/06/2022,19:37:00,72,Male,47,Clothing,4,300,126,1200
778,13/12/2023,18:28:00,105,Female,47,Beauty,4,25,13.75,100
816,27/09/2023,19:29:00,133,Male,47,Beauty,2,500,240,1000
832,13/11/2022,17:25:00,106,Male,47,Beauty,4,500,600,2000
838,30/09/2023,21:20:00,1,Male,47,Electronics,2,300,153,600
842,28/11/2022,14:13:00,71,Female,47,Clothing,2,300,105,600
974,28/12/2023,18:39:00,3,Male,47,Beauty,1,30,11.7,30
1000,01/04/2023,10:22:00,1,Male,47,Electronics,4,30,8.4,120
1018,06/07/2023,19:13:00,4,Female,47,Electronics,2,25,13,50
1077,16/12/2022,18:45:00,141,Female,47,Clothing,2,50,15,100
1078,04/05/2023,22:20:00,16,Female,47,Clothing,3,500,125,1500
1094,15/06/2023,20:34:00,1,Female,47,Beauty,2,500,210,1000
1102,21/08/2023,18:04:00,5,Female,47,Beauty,2,25,6.5,50
1164,07/04/2023,20:53:00,1,Female,47,Beauty,3,500,245,1500
1243,08/12/2023,17:11:00,4,Female,47,Electronics,3,300,138,900
1245,25/10/2022,20:47:00,129,Male,47,Clothing,3,30,36,90
1264,27/05/2022,09:23:00,82,Male,47,Clothing,3,300,123,900
1315,31/08/2022,20:52:00,14,Male,47,Clothing,2,30,12.9,60
1335,27/05/2022,08:45:00,117,Female,47,Beauty,4,30,8.7,120
1379,02/01/2022,06:23:00,69,Female,47,Clothing,1,25,7.25,25
1517,21/02/2023,08:46:00,2,Female,47,Clothing,4,25,6.75,100
1521,23/07/2023,19:08:00,30,Female,47,Clothing,4,30,12.9,120
1525,13/12/2022,13:35:00,106,Female,47,Beauty,2,25,12,50
1535,18/12/2023,15:31:00,52,Male,47,Beauty,3,30,9.9,90
1609,05/10/2023,13:58:00,81,Female,47,Clothing,2,50,22.5,100
1619,20/10/2022,18:07:00,61,Male,47,Electronics,4,25,24.25,100
1726,26/06/2023,18:12:00,13,Male,47,Clothing,4,300,93,1200
1778,30/12/2023,19:57:00,94,Female,47,Beauty,4,25,11.25,100
1816,17/06/2022,22:30:00,52,Male,47,Beauty,2,500,245,1000
1832,10/11/2023,21:17:00,57,Male,47,Beauty,4,500,480,2000
1838,28/06/2023,17:06:00,4,Male,47,Electronics,2,300,102,600
1842,04/10/2022,14:03:00,84,Female,47,Clothing,2,300,75,600
1974,19/02/2023,20:20:00,3,Male,47,Beauty,1,30,12.9,30
2000,31/03/2023,06:38:00,4,Male,47,Electronics,4,30,10.8,120
43,18/03/2023,21:42:00,118,Female,48,Clothing,1,300,111,300
67,19/08/2023,20:19:00,119,Female,48,Beauty,4,300,129,1200
125,28/09/2022,18:48:00,137,Male,48,Clothing,2,50,19,100
246,07/12/2023,20:05:00,4,Female,48,Electronics,2,25,13.25,50
250,24/12/2022,23:00:00,91,Male,48,Electronics,1,50,60.5,50
255,15/10/2023,11:44:00,19,Male,48,Clothing,1,30,14.7,30
316,01/02/2023,17:25:00,3,Female,48,Clothing,2,25,13.75,50
398,23/02/2023,21:17:00,5,Female,48,Clothing,2,300,114,600
414,10/05/2023,19:40:00,1,Male,48,Beauty,4,25,9.75,100
452,30/01/2023,22:41:00,4,Female,48,Clothing,3,500,240,1500
581,15/12/2022,21:16:00,103,Female,48,Beauty,2,30,13.8,60
662,03/12/2022,12:40:00,100,Male,48,Beauty,2,500,145,1000
741,24/12/2022,22:30:00,53,Male,48,Clothing,1,300,141,300
777,10/09/2022,15:07:00,54,Male,48,Electronics,3,50,17,150
786,16/12/2022,20:38:00,78,Male,48,Clothing,4,25,28.5,100
968,18/12/2023,20:34:00,101,Female,48,Clothing,3,300,120,900
976,08/10/2023,19:50:00,56,Female,48,Beauty,2,300,345,600
993,07/09/2022,09:21:00,134,Female,48,Electronics,3,50,17,150
1043,30/11/2023,18:10:00,20,Female,48,Clothing,1,300,87,300
1067,03/10/2023,17:01:00,105,Female,48,Beauty,4,300,129,1200
1125,12/11/2023,17:51:00,79,Male,48,Clothing,2,50,21.5,100
1246,26/04/2023,22:54:00,3,Female,48,Electronics,2,25,11.5,50
1250,19/11/2022,20:39:00,96,Male,48,Electronics,1,50,48.5,50
1255,20/01/2023,07:08:00,4,Male,48,Clothing,1,30,7.8,30
1316,21/07/2023,17:11:00,1,Female,48,Clothing,2,25,11.75,50
1398,19/07/2023,17:20:00,1,Female,48,Clothing,2,300,120,600
1414,22/11/2023,21:28:00,4,Male,48,Beauty,4,25,11.25,100
1452,06/08/2023,17:41:00,3,Female,48,Clothing,3,500,185,1500
1581,20/12/2022,18:57:00,108,Female,48,Beauty,2,30,9.9,60
1662,20/12/2023,12:38:00,106,Male,48,Beauty,2,500,240,1000
1741,02/09/2023,20:47:00,70,Male,48,Clothing,1,300,132,300
1777,15/11/2023,12:06:00,74,Male,48,Electronics,3,50,19.5,150
1786,27/09/2022,21:26:00,69,Male,48,Clothing,4,25,28.75,100
1968,21/09/2022,19:09:00,75,Female,48,Clothing,3,300,153,900
1976,15/10/2023,21:10:00,108,Female,48,Beauty,2,300,360,600
1993,29/12/2022,11:53:00,123,Female,48,Electronics,3,50,26.5,150
24,14/12/2023,22:59:00,59,Female,49,Clothing,1,300,87,300
64,15/11/2022,06:34:00,7,Male,49,Clothing,4,25,8.5,100
134,25/08/2022,09:03:00,132,Male,49,Electronics,1,50,16,50
138,27/04/2023,10:56:00,127,Male,49,Clothing,4,50,26.5,200
354,16/12/2023,07:58:00,5,Female,49,Beauty,4,50,24.5,200
515,13/02/2022,20:47:00,71,Female,49,Clothing,3,300,75,900
520,16/10/2022,12:42:00,79,Female,49,Electronics,4,25,13,100
543,16/04/2022,20:30:00,121,Male,49,Beauty,2,300,75,600
552,29/10/2022,13:32:00,85,Female,49,Electronics,3,25,9.75,75
570,09/06/2022,22:53:00,91,Male,49,Clothing,1,500,185,500
573,19/09/2023,22:59:00,78,Male,49,Beauty,2,30,36.3,60
622,16/10/2022,22:00:00,155,Female,49,Beauty,3,25,6.25,75
759,23/05/2023,21:21:00,75,Male,49,Electronics,2,50,21.5,100
820,17/02/2023,22:49:00,1,Male,49,Electronics,4,50,24,200
821,23/11/2022,11:27:00,40,Male,49,Electronics,1,300,129,300
893,29/04/2023,18:52:00,1,Male,49,Electronics,1,50,17,50
938,16/09/2022,17:55:00,103,Male,49,Clothing,4,50,23,200
972,16/08/2022,11:42:00,139,Male,49,Beauty,4,25,6.75,100
986,01/08/2022,09:35:00,65,Female,49,Clothing,2,500,200,1000
1024,03/12/2023,21:51:00,72,Female,49,Clothing,1,300,126,300
1064,14/04/2022,10:38:00,49,Male,49,Clothing,4,25,13.75,100
1134,05/08/2022,09:04:00,106,Male,49,Electronics,1,50,24,50
1138,16/10/2023,11:59:00,27,Male,49,Clothing,4,50,14.5,200
1354,17/09/2023,09:34:00,5,Female,49,Beauty,4,50,26.5,200
1515,04/02/2023,21:49:00,107,Female,49,Clothing,3,300,135,900
1520,21/11/2022,15:28:00,88,Female,49,Electronics,4,25,10.5,100
1543,03/10/2022,22:40:00,73,Male,49,Beauty,2,300,123,600
1552,25/09/2022,12:11:00,55,Female,49,Electronics,3,25,13,75
1570,15/06/2023,22:32:00,109,Male,49,Clothing,1,500,170,500
1573,13/10/2022,21:45:00,148,Male,49,Beauty,2,30,31.2,60
1622,22/04/2023,21:28:00,54,Female,49,Beauty,3,25,11.75,75
1759,03/11/2022,17:27:00,102,Male,49,Electronics,2,50,23,100
1820,13/05/2023,21:31:00,1,Male,49,Electronics,4,50,22,200
1821,03/10/2022,07:17:00,42,Male,49,Electronics,1,300,108,300
1893,25/02/2023,17:04:00,3,Male,49,Electronics,1,50,22.5,50
1938,12/10/2022,20:15:00,76,Male,49,Clothing,4,50,13.5,200
1972,21/12/2022,06:39:00,5,Male,49,Beauty,4,25,9.25,100
1986,14/09/2022,08:28:00,29,Female,49,Clothing,2,500,145,1000
3,14/06/2022,07:08:00,114,Male,50,Electronics,1,30,8.1,30
21,11/07/2022,07:33:00,59,Female,50,Beauty,1,500,275,500
33,24/12/2023,07:40:00,33,Female,50,Electronics,2,50,21,100
99,19/11/2023,15:12:00,71,Female,50,Electronics,4,300,132,1200
237,11/04/2022,08:54:00,105,Female,50,Beauty,2,500,165,1000
279,10/08/2023,17:29:00,38,Male,50,Clothing,1,500,210,500
293,27/05/2023,19:04:00,4,Male,50,Electronics,3,30,9.6,90
356,27/08/2023,18:35:00,71,Male,50,Electronics,3,500,255,1500
359,15/12/2022,21:49:00,122,Male,50,Clothing,1,50,22.5,50
362,27/09/2023,22:43:00,101,Male,50,Clothing,1,25,10.25,25
378,03/11/2022,18:16:00,81,Male,50,Beauty,1,300,165,300
385,20/11/2022,19:06:00,127,Male,50,Electronics,3,500,525,1500
388,03/12/2022,19:04:00,60,Male,50,Electronics,1,25,12.25,25
395,01/12/2022,15:00:00,76,Male,50,Electronics,2,500,175,1000
439,06/05/2022,21:46:00,42,Male,50,Clothing,3,25,11.75,75
498,22/03/2022,22:20:00,41,Female,50,Clothing,4,25,8.25,100
549,03/11/2022,19:39:00,114,Female,50,Beauty,2,50,12.5,100
564,12/09/2023,20:14:00,114,Male,50,Electronics,2,50,55.5,100
586,20/12/2023,14:57:00,84,Male,50,Electronics,1,50,21.5,50
696,09/10/2023,18:05:00,24,Female,50,Clothing,4,50,48.5,200
807,26/01/2023,19:49:00,91,Female,50,Electronics,4,50,15.5,200
947,31/07/2022,07:09:00,4,Male,50,Beauty,1,300,129,300
954,05/09/2023,21:03:00,87,Female,50,Electronics,3,300,321,900
1003,26/01/2022,07:59:00,80,Male,50,Electronics,1,30,15.9,30
1021,11/06/2022,10:19:00,44,Female,50,Beauty,1,500,155,500
1033,12/04/2023,06:52:00,32,Female,50,Electronics,2,50,19,100
1099,24/12/2022,12:41:00,56,Female,50,Electronics,4,300,162,1200
1237,23/02/2022,09:20:00,48,Female,50,Beauty,2,500,215,1000
1279,21/04/2022,22:55:00,116,Male,50,Clothing,1,500,170,500
1293,01/07/2023,18:52:00,3,Male,50,Electronics,3,30,14.1,90
1356,18/12/2023,21:31:00,11,Male,50,Electronics,3,500,245,1500
1359,17/05/2022,22:21:00,55,Male,50,Clothing,1,50,19,50
1362,21/11/2023,18:53:00,104,Male,50,Clothing,1,25,11,25
1378,28/04/2022,21:56:00,27,Male,50,Beauty,1,300,132,300
1385,07/11/2023,19:22:00,55,Male,50,Electronics,3,500,505,1500
1388,13/10/2023,18:12:00,89,Male,50,Electronics,1,25,6.75,25
1395,10/09/2023,14:18:00,91,Male,50,Electronics,2,500,130,1000
1439,18/11/2023,20:53:00,76,Male,50,Clothing,3,25,7.25,75
1498,29/08/2022,17:08:00,51,Female,50,Clothing,4,25,12.5,100
1549,15/11/2023,19:25:00,109,Female,50,Beauty,2,50,14.5,100
1564,04/10/2022,22:55:00,115,Male,50,Electronics,2,50,49.5,100
1586,04/11/2022,16:25:00,59,Male,50,Electronics,1,50,14,50
1696,21/11/2022,17:59:00,24,Female,50,Clothing,4,50,55,200
1807,04/08/2022,22:15:00,19,Female,50,Electronics,4,50,22,200
1947,05/03/2022,06:27:00,134,Male,50,Beauty,1,300,75,300
1954,29/10/2023,17:30:00,93,Female,50,Electronics,3,300,318,900
34,24/09/2023,13:26:00,87,Female,51,Clothing,3,50,17,150
65,11/12/2022,20:03:00,84,Male,51,Electronics,4,500,160,2000
71,16/02/2023,19:11:00,32,Female,51,Beauty,4,25,11.5,100
90,10/09/2023,17:53:00,3,Female,51,Electronics,1,30,13.5,30
92,21/03/2022,19:41:00,10,Female,51,Electronics,4,30,8.7,120
97,26/11/2022,18:17:00,112,Female,51,Beauty,2,500,555,1000
115,02/09/2022,19:21:00,67,Male,51,Clothing,3,500,255,1500
154,24/12/2022,17:47:00,24,Male,51,Electronics,3,300,321,900
222,07/01/2023,18:56:00,4,Male,51,Clothing,4,30,10.5,120
233,03/09/2022,13:09:00,81,Female,51,Beauty,2,300,132,600
322,19/10/2022,06:11:00,13,Male,51,Electronics,1,500,125,500
488,05/07/2022,17:28:00,26,Female,51,Electronics,3,300,123,900
548,14/04/2023,07:00:00,4,Female,51,Clothing,2,30,15.6,60
568,11/08/2023,20:03:00,32,Female,51,Electronics,1,300,372,300
611,21/07/2022,08:13:00,11,Male,51,Beauty,3,500,180,1500
640,25/12/2023,20:05:00,3,Female,51,Electronics,4,30,12.6,120
651,28/09/2023,21:02:00,30,Male,51,Clothing,3,50,26,150
666,03/03/2022,10:59:00,49,Male,51,Electronics,3,50,16,150
691,12/05/2023,21:09:00,5,Female,51,Clothing,3,30,14.7,90
706,04/09/2022,22:19:00,66,Male,51,Electronics,4,25,8,100
728,02/06/2022,19:35:00,78,Male,51,Electronics,3,50,18,150
791,04/09/2022,16:28:00,106,Female,51,Beauty,1,25,11.75,25
815,05/04/2023,21:15:00,139,Female,51,Clothing,3,25,23.75,75
864,31/07/2023,22:16:00,139,Female,51,Electronics,1,500,215,500
875,30/11/2023,21:47:00,134,Female,51,Electronics,4,500,135,2000
903,27/07/2023,22:14:00,3,Female,51,Beauty,4,50,14,200
912,31/10/2022,06:18:00,122,Male,51,Beauty,3,50,20.5,150
942,01/12/2023,09:22:00,35,Male,51,Clothing,3,500,160,1500
994,24/12/2022,16:38:00,73,Female,51,Beauty,2,500,125,1000
1034,13/11/2022,14:48:00,52,Female,51,Clothing,3,50,24.5,150
1065,24/10/2023,15:16:00,76,Male,51,Electronics,4,500,175,2000
1071,21/09/2023,17:38:00,155,Female,51,Beauty,4,25,6.75,100
1090,18/02/2023,19:54:00,4,Female,51,Electronics,1,30,7.5,30
1092,03/05/2022,20:15:00,58,Female,51,Electronics,4,30,31.5,120
1097,26/12/2022,20:53:00,86,Female,51,Beauty,2,500,485,1000
1115,21/09/2023,17:41:00,99,Male,51,Clothing,3,500,180,1500
1154,16/12/2023,21:44:00,29,Male,51,Electronics,3,300,291,900
1222,17/09/2023,18:15:00,3,Male,51,Clothing,4,30,11.1,120
1233,01/10/2023,16:20:00,79,Female,51,Beauty,2,300,117,600
1322,14/11/2022,09:56:00,10,Male,51,Electronics,1,500,250,500
1488,12/11/2022,19:24:00,9,Female,51,Electronics,3,300,126,900
1548,13/01/2023,08:15:00,1,Female,51,Clothing,2,30,12.6,60
1568,09/10/2022,22:34:00,51,Female,51,Electronics,1,300,336,300
1611,17/11/2022,07:30:00,125,Male,51,Beauty,3,500,180,1500
1640,10/06/2023,19:44:00,5,Female,51,Electronics,4,30,14.1,120
1651,04/12/2022,21:29:00,155,Male,51,Clothing,3,50,23.5,150
1666,08/12/2022,10:10:00,125,Male,51,Electronics,3,50,21,150
1691,07/01/2023,20:01:00,1,Female,51,Clothing,3,30,13.5,90
1706,16/10/2022,18:04:00,57,Male,51,Electronics,4,25,11.75,100
1728,23/05/2023,22:30:00,77,Male,51,Electronics,3,50,25,150
1791,06/10/2022,14:52:00,87,Female,51,Beauty,1,25,7,25
1815,24/05/2023,22:19:00,6,Female,51,Clothing,3,25,30.5,75
1864,30/04/2023,21:00:00,112,Female,51,Electronics,1,500,190,500
1875,03/06/2022,22:42:00,141,Female,51,Electronics,4,500,165,2000
1903,27/07/2023,21:44:00,5,Female,51,Beauty,4,50,19,200
1912,27/05/2022,07:40:00,146,Male,51,Beauty,3,50,22,150
1921,08/02/2022,07:01:00,77,Male,51,Electronics,3,25,7.5,75
1942,16/09/2023,11:53:00,112,Male,51,Clothing,3,500,265,1500
1994,20/11/2022,13:27:00,86,Female,51,Beauty,2,500,250,1000
10,24/10/2022,22:55:00,81,Female,52,Clothing,4,50,62.5,200
36,22/02/2023,22:06:00,40,Male,52,Beauty,3,300,144,900
171,14/10/2022,20:10:00,109,Female,52,Clothing,3,300,126,900
195,14/08/2022,11:51:00,10,Male,52,Clothing,1,30,9.3,30
314,15/10/2023,07:37:00,1,Male,52,Clothing,4,30,7.8,120
324,15/11/2022,17:52:00,54,Female,52,Electronics,3,50,49,150
325,16/09/2023,22:02:00,6,Female,52,Electronics,2,25,31.25,50
336,04/11/2023,13:05:00,67,Female,52,Beauty,3,50,25,150
479,03/11/2022,21:35:00,90,Male,52,Electronics,4,300,105,1200
569,29/04/2022,20:49:00,132,Male,52,Electronics,4,50,19,200
613,08/05/2023,17:23:00,2,Female,52,Clothing,3,30,11.4,90
690,19/12/2023,18:39:00,91,Female,52,Clothing,3,300,324,900
701,29/11/2023,16:33:00,93,Female,52,Beauty,2,30,14.1,60
721,23/06/2023,17:10:00,5,Female,52,Clothing,1,500,145,500
780,06/07/2022,11:30:00,107,Male,52,Electronics,2,25,13.25,50
788,20/06/2022,18:54:00,90,Female,52,Beauty,3,300,105,900
813,15/10/2022,19:51:00,125,Male,52,Electronics,3,50,62,150
822,16/02/2023,17:39:00,3,Female,52,Beauty,3,50,13.5,150
885,17/09/2022,10:10:00,121,Female,52,Clothing,4,30,14.4,120
888,01/12/2022,06:03:00,63,Female,52,Electronics,4,25,12.75,100
894,22/09/2022,22:53:00,111,Male,52,Electronics,1,30,30.6,30
997,01/10/2023,20:36:00,51,Male,52,Beauty,3,30,15,90
1010,21/10/2022,22:11:00,65,Female,52,Clothing,4,50,54.5,200
1036,17/08/2022,18:03:00,121,Male,52,Beauty,3,300,117,900
1171,05/10/2022,21:05:00,87,Female,52,Clothing,3,300,84,900
1195,21/09/2022,07:07:00,55,Male,52,Clothing,1,30,12,30
1314,23/05/2023,10:26:00,2,Male,52,Clothing,4,30,16.2,120
1324,25/09/2023,20:29:00,56,Female,52,Electronics,3,50,55,150
1325,11/10/2022,19:47:00,18,Female,52,Electronics,2,25,26.75,50
1336,23/09/2022,13:27:00,74,Female,52,Beauty,3,50,21.5,150
1479,31/05/2022,22:24:00,108,Male,52,Electronics,4,300,162,1200
1569,30/11/2023,21:07:00,35,Male,52,Electronics,4,50,18,200
1613,14/12/2023,21:58:00,4,Female,52,Clothing,3,30,9.9,90
1690,05/09/2023,17:36:00,101,Female,52,Clothing,3,300,369,900
1701,13/10/2023,15:09:00,62,Female,52,Beauty,2,30,15.9,60
1721,21/01/2023,22:42:00,3,Female,52,Clothing,1,500,215,500
1780,11/12/2022,10:00:00,32,Male,52,Electronics,2,25,10.5,50
1788,03/05/2022,20:35:00,98,Female,52,Beauty,3,300,150,900
1813,22/11/2022,22:24:00,86,Male,52,Electronics,3,50,61.5,150
1822,09/09/2023,17:15:00,15,Female,52,Beauty,3,50,21,150
1885,09/11/2022,07:32:00,148,Female,52,Clothing,4,30,10.8,120
1888,14/06/2022,08:10:00,49,Female,52,Electronics,4,25,12.5,100
1894,29/12/2023,18:11:00,92,Male,52,Electronics,1,30,30,30
1997,29/10/2023,21:09:00,99,Male,52,Beauty,3,30,10.2,90
168,29/04/2022,09:20:00,138,Male,53,Clothing,1,300,102,300
219,16/09/2023,22:34:00,79,Female,53,Electronics,3,30,10.2,90
253,30/09/2022,21:26:00,66,Female,53,Clothing,4,500,525,2000
289,09/09/2023,20:29:00,107,Male,53,Electronics,2,30,8.1,60
382,14/07/2023,21:20:00,29,Female,53,Clothing,2,500,245,1000
400,08/03/2022,09:52:00,2,Male,53,Clothing,4,50,24,200
415,05/01/2022,09:59:00,85,Male,53,Clothing,2,30,8.1,60
416,21/08/2022,09:29:00,55,Male,53,Electronics,4,500,245,2000
445,14/04/2022,10:48:00,132,Female,53,Electronics,1,300,138,300
467,24/01/2022,22:39:00,151,Female,53,Electronics,3,50,14.5,150
591,21/03/2022,08:38:00,94,Male,53,Electronics,4,25,6.5,100
648,23/02/2023,18:13:00,41,Male,53,Beauty,4,300,138,1200
680,01/12/2022,22:04:00,110,Female,53,Clothing,3,300,330,900
687,27/06/2022,17:14:00,86,Female,53,Electronics,1,300,150,300
697,25/12/2022,07:52:00,152,Male,53,Clothing,1,500,200,500
961,22/03/2023,22:36:00,86,Male,53,Beauty,4,50,23,200
978,27/07/2023,09:58:00,16,Female,53,Clothing,3,50,19,150
1168,10/07/2022,07:56:00,68,Male,53,Clothing,1,300,150,300
1219,02/11/2022,21:47:00,149,Female,53,Electronics,3,30,11.1,90
1253,03/12/2023,19:58:00,108,Female,53,Clothing,4,500,605,2000
1289,10/10/2023,19:35:00,83,Male,53,Electronics,2,30,16.2,60
1382,20/05/2023,18:13:00,139,Female,53,Clothing,2,500,185,1000
1400,12/09/2022,11:54:00,115,Male,53,Clothing,4,50,20,200
1415,06/03/2022,07:11:00,146,Male,53,Clothing,2,30,15.3,60
1416,29/12/2022,10:47:00,111,Male,53,Electronics,4,500,125,2000
1445,19/04/2022,06:16:00,31,Female,53,Electronics,1,300,129,300
1467,13/08/2023,19:31:00,89,Female,53,Electronics,3,50,14,150
1591,29/09/2022,11:00:00,62,Male,53,Electronics,4,25,7,100
1648,10/07/2023,17:18:00,16,Male,53,Beauty,4,300,87,1200
1680,03/09/2023,17:12:00,72,Female,53,Clothing,3,300,324,900
1687,17/02/2023,22:27:00,102,Female,53,Electronics,1,300,81,300
1697,18/12/2022,08:22:00,54,Male,53,Clothing,1,500,265,500
1961,15/05/2022,21:17:00,95,Male,53,Beauty,4,50,20.5,200
1978,31/08/2023,11:59:00,41,Female,53,Clothing,3,50,15.5,150
48,06/10/2023,17:34:00,2,Male,54,Electronics,3,300,123,900
49,17/09/2022,10:33:00,37,Female,54,Electronics,2,500,255,1000
83,27/11/2022,15:57:00,56,Male,54,Electronics,2,50,16.5,100
198,21/05/2022,11:42:00,30,Female,54,Beauty,3,300,114,900
230,26/03/2023,17:44:00,5,Male,54,Beauty,1,25,12.5,25
236,01/04/2023,22:18:00,5,Female,54,Clothing,1,25,6.5,25
252,05/05/2023,17:37:00,1,Male,54,Electronics,1,300,84,300
287,26/08/2022,11:07:00,88,Male,54,Clothing,4,25,10,100
306,04/01/2022,22:05:00,148,Male,54,Electronics,1,50,26.5,50
333,06/10/2022,08:15:00,21,Female,54,Electronics,4,300,99,1200
338,05/02/2022,21:26:00,44,Male,54,Beauty,2,50,20,100
386,23/10/2022,13:20:00,77,Female,54,Electronics,2,300,153,600
448,19/03/2022,09:36:00,86,Female,54,Beauty,2,30,16.2,60
463,29/01/2023,20:22:00,55,Female,54,Beauty,3,500,175,1500
562,09/11/2023,09:26:00,3,Male,54,Electronics,2,25,7.25,50
578,05/12/2023,22:42:00,68,Female,54,Clothing,4,30,9.3,120
607,05/05/2023,09:33:00,109,Male,54,Clothing,3,25,13.25,75
642,04/05/2023,21:40:00,1,Female,54,Clothing,4,25,12,100
653,25/11/2023,22:53:00,3,Male,54,Clothing,3,25,9.25,75
723,14/07/2022,21:57:00,120,Female,54,Beauty,4,50,20.5,200
731,30/09/2023,18:49:00,1,Male,54,Clothing,4,500,165,2000
745,14/08/2023,07:30:00,3,Male,54,Beauty,2,50,17,100
793,27/05/2022,10:53:00,1,Male,54,Beauty,1,30,14.7,30
855,21/11/2022,19:43:00,13,Male,54,Beauty,1,25,25.75,25
856,05/11/2022,17:43:00,102,Male,54,Electronics,4,30,9.3,120
902,14/02/2022,17:16:00,108,Female,54,Beauty,1,50,21.5,50
930,12/01/2023,17:54:00,1,Male,54,Clothing,4,50,26,200
1048,12/07/2023,19:14:00,3,Male,54,Electronics,3,300,93,900
1049,16/05/2022,06:36:00,143,Female,54,Electronics,2,500,125,1000
1083,30/09/2022,15:46:00,99,Male,54,Electronics,2,50,17.5,100
1198,07/08/2022,10:43:00,147,Female,54,Beauty,3,300,159,900
1230,04/12/2023,21:24:00,1,Male,54,Beauty,1,25,13.25,25
1236,09/08/2023,18:19:00,4,Female,54,Clothing,1,25,8.75,25
1252,30/12/2023,20:18:00,5,Male,54,Electronics,1,300,117,300
1287,13/09/2022,08:03:00,120,Male,54,Clothing,4,25,7,100
1306,11/11/2023,20:57:00,122,Male,54,Electronics,1,50,18.5,50
1333,01/11/2022,11:38:00,151,Female,54,Electronics,4,300,165,1200
1338,25/01/2022,19:55:00,31,Male,54,Beauty,2,50,19,100
1386,19/12/2023,14:06:00,110,Female,54,Electronics,2,300,81,600
1448,16/05/2022,06:28:00,51,Female,54,Beauty,2,30,9.3,60
1463,29/07/2022,19:45:00,98,Female,54,Beauty,3,500,170,1500
1562,26/11/2023,10:21:00,5,Male,54,Electronics,2,25,12.75,50
1578,20/11/2023,18:43:00,66,Female,54,Clothing,4,30,12,120
1607,16/01/2023,10:18:00,53,Male,54,Clothing,3,25,7.75,75
1642,27/12/2023,18:30:00,4,Female,54,Clothing,4,25,11.5,100
1653,23/07/2023,19:34:00,2,Male,54,Clothing,3,25,12.75,75
1723,10/02/2022,17:43:00,40,Female,54,Beauty,4,50,18,200
1731,19/12/2023,17:41:00,3,Male,54,Clothing,4,500,195,2000
1745,28/09/2023,10:38:00,4,Male,54,Beauty,2,50,21,100
1793,11/12/2022,06:05:00,88,Male,54,Beauty,1,30,10.8,30
1855,27/12/2023,21:15:00,44,Male,54,Beauty,1,25,31.25,25
1856,20/12/2023,21:34:00,114,Male,54,Electronics,4,30,16.2,120
1902,21/12/2022,17:12:00,97,Female,54,Beauty,1,50,14,50
1930,21/12/2023,19:58:00,5,Male,54,Clothing,4,50,13,200
45,20/03/2022,18:27:00,121,Female,55,Electronics,1,30,10.5,30
89,30/12/2023,21:15:00,117,Female,55,Electronics,4,500,590,2000
91,14/04/2023,06:31:00,152,Female,55,Electronics,1,500,235,500
98,09/04/2023,19:41:00,1,Female,55,Beauty,2,50,19.5,100
194,11/10/2023,19:27:00,116,Male,55,Clothing,4,50,51.5,200
265,24/11/2022,12:12:00,80,Male,55,Clothing,3,300,132,900
286,05/10/2022,22:56:00,92,Male,55,Electronics,2,25,27.75,50
313,16/12/2023,10:03:00,11,Female,55,Beauty,3,500,140,1500
355,23/09/2022,13:42:00,96,Female,55,Electronics,1,500,260,500
384,10/04/2022,19:53:00,127,Male,55,Clothing,1,500,145,500
396,15/12/2022,07:11:00,29,Female,55,Beauty,1,30,10.8,30
425,11/06/2023,18:28:00,2,Female,55,Electronics,4,30,15.6,120
483,06/02/2023,17:25:00,2,Male,55,Clothing,1,30,8.4,30
536,20/08/2022,06:25:00,17,Female,55,Beauty,4,30,8.7,120
608,07/12/2022,22:19:00,112,Female,55,Electronics,3,500,200,1500
650,08/10/2023,12:41:00,98,Male,55,Electronics,1,30,15,30
655,31/10/2022,18:43:00,19,Female,55,Clothing,1,500,210,500
727,15/11/2023,18:37:00,32,Male,55,Beauty,3,300,105,900
895,31/08/2023,21:51:00,3,Female,55,Clothing,4,30,14.4,120
924,17/09/2022,22:18:00,151,Male,55,Beauty,2,50,55,100
963,19/10/2023,18:24:00,76,Female,55,Beauty,1,50,13,50
1045,26/02/2022,17:28:00,110,Female,55,Electronics,1,30,9.9,30
1089,21/10/2023,18:44:00,108,Female,55,Electronics,4,500,555,2000
1091,15/07/2023,08:46:00,139,Female,55,Electronics,1,500,235,500
1098,06/07/2023,22:34:00,3,Female,55,Beauty,2,50,19.5,100
1194,09/10/2023,22:06:00,130,Male,55,Clothing,4,50,61.5,200
1265,05/11/2022,14:35:00,86,Male,55,Clothing,3,300,111,900
1286,26/12/2022,17:23:00,111,Male,55,Electronics,2,25,28.5,50
1313,04/06/2023,09:22:00,10,Female,55,Beauty,3,500,170,1500
1355,17/09/2023,13:19:00,107,Female,55,Electronics,1,500,155,500
1384,17/12/2023,20:23:00,106,Male,55,Clothing,1,500,260,500
1396,07/06/2022,06:23:00,9,Female,55,Beauty,1,30,8.4,30
1425,02/12/2023,22:15:00,1,Female,55,Electronics,4,30,10.2,120
1483,05/03/2023,19:53:00,1,Male,55,Clothing,1,30,8.7,30
1536,11/05/2022,07:23:00,14,Female,55,Beauty,4,30,13.5,120
1608,26/09/2023,21:01:00,87,Female,55,Electronics,3,500,265,1500
1650,23/09/2022,16:24:00,89,Male,55,Electronics,1,30,10.8,30
1655,28/05/2023,17:57:00,8,Female,55,Clothing,1,500,125,500
1727,08/08/2023,21:06:00,72,Male,55,Beauty,3,300,75,900
1895,27/03/2023,20:59:00,4,Female,55,Clothing,4,30,15.3,120
1924,28/11/2022,22:25:00,107,Male,55,Beauty,2,50,54.5,100
1963,12/12/2022,20:56:00,115,Female,55,Beauty,1,50,20.5,50
69,14/11/2023,22:44:00,1,Female,56,Beauty,3,25,8.5,75
88,16/02/2023,08:31:00,122,Male,56,Clothing,1,500,185,500
201,13/10/2022,19:08:00,105,Male,56,Electronics,1,25,29.75,25
203,12/03/2023,21:33:00,4,Male,56,Clothing,2,500,175,1000
351,11/11/2023,22:16:00,38,Female,56,Clothing,3,30,36.6,90
368,31/01/2023,21:11:00,90,Female,56,Clothing,4,300,132,1200
380,30/08/2023,22:26:00,2,Male,56,Electronics,2,300,102,600
541,25/12/2022,18:37:00,39,Male,56,Beauty,1,500,215,500
631,22/10/2023,22:18:00,92,Male,56,Electronics,3,30,16.5,90
688,28/10/2023,21:45:00,132,Male,56,Clothing,4,25,24.75,100
720,08/04/2022,08:50:00,116,Female,56,Beauty,3,500,235,1500
779,15/05/2023,19:19:00,3,Female,56,Electronics,2,500,155,1000
783,11/11/2022,15:37:00,91,Female,56,Clothing,1,300,150,300
799,01/10/2023,19:44:00,86,Male,56,Electronics,2,50,60,100
823,03/12/2023,17:42:00,66,Female,56,Electronics,2,50,25,100
834,26/11/2023,06:55:00,13,Female,56,Beauty,2,30,14.7,60
859,20/09/2022,21:52:00,46,Female,56,Electronics,3,500,190,1500
975,09/01/2023,07:41:00,145,Female,56,Clothing,4,50,19.5,200
984,20/11/2023,19:29:00,83,Male,56,Clothing,1,500,480,500
1069,13/10/2023,19:05:00,2,Female,56,Beauty,3,25,6.75,75
1088,14/09/2023,07:00:00,6,Male,56,Clothing,1,500,155,500
1201,31/10/2023,17:28:00,115,Male,56,Electronics,1,25,27.75,25
1203,26/11/2023,18:36:00,2,Male,56,Clothing,2,500,145,1000
1351,02/10/2022,20:58:00,88,Female,56,Clothing,3,30,28.5,90
1368,08/03/2022,21:29:00,145,Female,56,Clothing,4,300,132,1200
1380,09/02/2023,19:45:00,3,Male,56,Electronics,2,300,159,600
1541,02/10/2023,22:17:00,57,Male,56,Beauty,1,500,195,500
1631,01/11/2022,19:11:00,75,Male,56,Electronics,3,30,12.3,90
1688,17/12/2022,17:25:00,150,Male,56,Clothing,4,25,26.5,100
1720,10/10/2022,08:51:00,28,Female,56,Beauty,3,500,190,1500
1779,02/01/2023,19:45:00,3,Female,56,Electronics,2,500,190,1000
1783,05/09/2023,16:37:00,52,Female,56,Clothing,1,300,135,300
1799,01/10/2023,19:09:00,132,Male,56,Electronics,2,50,51,100
1823,08/11/2022,22:28:00,58,Female,56,Electronics,2,50,26.5,100
1834,14/04/2023,06:53:00,102,Female,56,Beauty,2,30,12.9,60
1859,14/09/2022,20:58:00,32,Female,56,Electronics,3,500,205,1500
1975,21/08/2023,10:48:00,63,Female,56,Clothing,4,50,25.5,200
1984,09/09/2023,20:10:00,126,Male,56,Clothing,1,500,530,500
63,03/02/2022,11:49:00,127,Male,57,Electronics,2,25,6.25,50
130,19/06/2023,06:21:00,114,Female,57,Clothing,1,500,125,500
225,05/03/2022,07:37:00,85,Female,57,Beauty,4,25,12.75,100
251,15/09/2022,21:00:00,141,Female,57,Beauty,4,50,62.5,200
302,09/02/2023,17:51:00,26,Male,57,Beauty,2,300,135,600
327,13/09/2023,18:30:00,107,Male,57,Electronics,3,50,56,150
349,04/12/2023,17:05:00,78,Female,57,Beauty,1,50,48.5,50
352,28/07/2023,17:55:00,54,Male,57,Electronics,2,500,175,1000
366,29/10/2022,09:32:00,116,Male,57,Clothing,2,50,17.5,100
367,30/12/2022,07:03:00,123,Female,57,Electronics,1,50,18,50
424,20/12/2023,19:21:00,101,Male,57,Beauty,4,300,147,1200
436,22/10/2023,11:54:00,21,Female,57,Clothing,4,30,13.5,120
441,06/11/2023,22:00:00,85,Male,57,Beauty,4,300,351,1200
456,15/12/2023,19:45:00,51,Male,57,Electronics,2,30,33.9,60
470,26/12/2023,18:58:00,4,Female,57,Clothing,2,500,165,1000
512,06/12/2022,18:00:00,56,Female,57,Beauty,1,25,9.5,25
527,21/04/2023,11:35:00,1,Male,57,Clothing,2,25,11.5,50
627,24/10/2022,18:14:00,79,Male,57,Clothing,1,50,55.5,50
665,03/10/2023,22:49:00,1,Male,57,Clothing,1,50,19,50
685,04/07/2023,22:15:00,90,Male,57,Electronics,2,25,7.75,50
689,16/10/2022,20:17:00,55,Male,57,Electronics,2,50,52.5,100
712,12/09/2023,14:15:00,108,Female,57,Beauty,2,25,11.5,50
717,30/11/2023,08:15:00,8,Male,57,Clothing,1,500,190,500
795,03/10/2023,19:51:00,71,Male,57,Electronics,1,300,102,300
917,15/02/2022,11:50:00,120,Female,57,Electronics,4,50,16.5,200
936,05/01/2022,10:51:00,143,Male,57,Beauty,4,50,19.5,200
941,28/04/2023,09:58:00,39,Female,57,Clothing,2,25,6.5,50
943,05/11/2022,19:29:00,90,Female,57,Clothing,4,300,318,1200
952,21/12/2022,18:09:00,69,Female,57,Clothing,1,25,13.25,25
992,15/10/2023,19:34:00,134,Female,57,Electronics,2,30,7.8,60
1063,04/08/2022,10:26:00,56,Male,57,Electronics,2,25,11,50
1130,20/02/2023,09:03:00,28,Female,57,Clothing,1,500,180,500
1225,02/02/2022,09:51:00,137,Female,57,Beauty,,,,
1251,11/09/2022,21:08:00,137,Female,57,Beauty,4,50,57.5,200
1302,21/12/2022,17:55:00,20,Male,57,Beauty,2,300,102,600
1327,23/12/2023,21:16:00,118,Male,57,Electronics,3,50,58,150
1349,08/12/2023,21:57:00,112,Female,57,Beauty,1,50,49.5,50
1352,19/10/2023,17:40:00,14,Male,57,Electronics,2,500,260,1000
1366,01/01/2022,11:34:00,25,Male,57,Clothing,2,50,23.5,100
1424,05/09/2023,21:32:00,54,Male,57,Beauty,4,300,111,1200
1436,20/01/2023,11:29:00,1,Female,57,Clothing,4,30,9.9,120
1441,04/10/2023,21:38:00,63,Male,57,Beauty,4,300,354,1200
1456,02/09/2022,18:49:00,85,Male,57,Electronics,2,30,37.2,60
1470,26/06/2023,19:47:00,1,Female,57,Clothing,2,500,165,1000
1512,20/12/2023,20:05:00,105,Female,57,Beauty,1,25,13.25,25
1527,29/09/2023,08:30:00,1,Male,57,Clothing,2,25,11.75,50
1627,18/11/2022,17:21:00,84,Male,57,Clothing,1,50,60,50
1665,01/11/2023,19:38:00,4,Male,57,Clothing,1,50,14,50
1685,20/04/2022,20:32:00,76,Male,57,Electronics,2,25,8.75,50
1689,19/12/2023,20:54:00,114,Male,57,Electronics,2,50,47.5,100
1712,25/11/2023,16:37:00,92,Female,57,Beauty,2,25,8.75,50
1717,12/01/2023,09:40:00,21,Male,57,Clothing,1,500,175,500
1795,29/12/2023,18:50:00,86,Male,57,Electronics,1,300,105,300
1917,02/05/2022,07:17:00,52,Female,57,Electronics,4,50,24,200
1936,19/06/2022,11:32:00,60,Male,57,Beauty,4,50,12.5,200
1941,06/01/2023,06:14:00,48,Female,57,Clothing,2,25,12,50
1943,17/11/2023,21:00:00,108,Female,57,Clothing,4,300,321,1200
1952,17/12/2022,22:13:00,114,Female,57,Clothing,1,25,13.5,25
1992,19/05/2023,21:35:00,70,Female,57,Electronics,2,30,8.7,60
35,29/10/2022,17:30:00,122,Female,58,Beauty,3,300,126,900
215,03/10/2022,21:20:00,101,Male,58,Clothing,3,500,145,1500
229,09/11/2023,19:23:00,92,Male,58,Beauty,3,30,36.9,90
332,24/04/2023,11:28:00,138,Male,58,Electronics,4,300,105,1200
457,28/11/2022,22:49:00,38,Female,58,Beauty,3,300,147,900
478,24/07/2023,11:13:00,3,Female,58,Clothing,2,30,8.1,60
508,05/07/2023,22:52:00,32,Male,58,Beauty,2,300,123,600
649,21/06/2022,08:17:00,44,Female,58,Clothing,2,300,135,600
755,27/11/2023,20:07:00,1,Female,58,Clothing,3,25,6.75,75
877,01/10/2022,19:52:00,134,Female,58,Clothing,1,25,6.75,25
905,01/10/2023,06:27:00,96,Male,58,Beauty,1,300,111,300
955,16/01/2022,17:57:00,16,Male,58,Clothing,1,25,12.5,25
990,29/03/2023,21:45:00,68,Female,58,Beauty,2,500,235,1000
1035,26/04/2023,21:56:00,52,Female,58,Beauty,3,300,105,900
1215,19/11/2022,20:44:00,107,Male,58,Clothing,3,500,130,1500
1229,02/11/2023,21:08:00,62,Male,58,Beauty,3,30,34.5,90
1332,04/12/2023,10:02:00,146,Male,58,Electronics,4,300,123,1200
1457,25/03/2023,21:31:00,140,Female,58,Beauty,3,300,108,900
1478,31/08/2023,09:18:00,1,Female,58,Clothing,2,30,13.5,60
1508,08/04/2022,20:32:00,90,Male,58,Beauty,2,300,81,600
1649,21/10/2022,07:44:00,72,Female,58,Clothing,2,300,75,600
1755,23/05/2023,21:47:00,2,Female,58,Clothing,3,25,8,75
1877,25/01/2023,20:19:00,72,Female,58,Clothing,1,25,10.5,25
1905,29/08/2023,06:07:00,26,Male,58,Beauty,1,300,102,300
1955,15/09/2022,21:11:00,134,Male,58,Clothing,1,25,6.5,25
1990,22/11/2023,17:02:00,48,Female,58,Beauty,2,500,155,1000
103,12/11/2022,10:05:00,33,Female,59,Clothing,1,25,10.75,25
144,26/03/2022,22:18:00,119,Female,59,Beauty,3,500,255,1500
228,03/04/2023,20:26:00,4,Female,59,Electronics,2,30,10.8,60
346,05/09/2022,06:54:00,38,Male,59,Clothing,2,500,215,1000
374,27/10/2023,17:45:00,4,Female,59,Beauty,3,25,7.75,75
450,01/12/2023,06:35:00,2,Female,59,Beauty,2,25,11,50
600,09/10/2023,18:39:00,64,Female,59,Beauty,2,500,525,1000
647,01/03/2023,19:53:00,5,Male,59,Clothing,3,500,190,1500
658,30/10/2023,07:47:00,93,Male,59,Clothing,1,25,6.5,25
718,02/11/2023,20:25:00,154,Female,59,Beauty,3,25,25,75
782,13/04/2022,21:51:00,71,Male,59,Clothing,3,300,150,900
810,01/12/2022,18:04:00,76,Male,59,Electronics,4,25,13.75,100
814,01/10/2022,20:33:00,96,Female,59,Clothing,1,500,540,500
887,24/02/2022,19:20:00,44,Male,59,Clothing,4,25,10,100
914,07/09/2022,22:25:00,83,Female,59,Electronics,1,500,510,500
960,29/03/2023,19:01:00,134,Male,59,Clothing,2,30,14.4,60
970,25/05/2023,18:13:00,2,Male,59,Electronics,4,500,220,2000
1103,14/02/2022,07:11:00,61,Female,59,Clothing,1,25,6.75,25
1144,30/12/2022,21:27:00,148,Female,59,Beauty,3,500,125,1500
1228,24/06/2023,21:37:00,5,Female,59,Electronics,2,30,11.4,60
1346,10/04/2022,10:01:00,112,Male,59,Clothing,2,500,130,1000
1374,23/03/2023,22:03:00,3,Female,59,Beauty,3,25,8.25,75
1450,16/07/2023,08:52:00,1,Female,59,Beauty,2,25,10.25,50
1600,18/12/2022,17:44:00,67,Female,59,Beauty,2,500,575,1000
1647,01/05/2023,20:26:00,5,Male,59,Clothing,3,500,240,1500
1658,10/04/2023,06:08:00,148,Male,59,Clothing,1,25,12.25,25
1718,25/10/2023,19:03:00,20,Female,59,Beauty,3,25,25.5,75
1782,07/04/2023,20:23:00,116,Male,59,Clothing,3,300,141,900
1810,22/09/2023,18:29:00,106,Male,59,Electronics,4,25,13.5,100
1814,07/09/2022,17:53:00,43,Female,59,Clothing,1,500,620,500
1887,11/12/2023,19:34:00,113,Male,59,Clothing,4,25,10,100
1914,05/11/2023,17:49:00,70,Female,59,Electronics,1,500,510,500
1960,29/06/2022,22:04:00,67,Male,59,Clothing,2,30,13.2,60
1970,22/05/2023,17:44:00,5,Male,59,Electronics,4,500,230,2000
119,01/09/2023,09:11:00,127,Female,60,Clothing,3,50,27.5,150
120,31/03/2023,19:35:00,4,Male,60,Beauty,1,50,12.5,50
165,24/09/2022,19:01:00,75,Female,60,Clothing,4,300,318,1200
190,25/01/2023,17:56:00,2,Female,60,Beauty,3,30,10.5,90
291,22/11/2022,08:29:00,15,Male,60,Clothing,2,300,126,600
418,01/04/2022,18:05:00,95,Female,60,Electronics,2,500,155,1000
442,30/06/2023,11:07:00,24,Female,60,Clothing,4,25,13.25,100
491,30/12/2023,21:11:00,4,Female,60,Electronics,3,300,78,900
500,14/10/2022,06:11:00,120,Female,60,Beauty,4,25,11.5,100
575,12/12/2023,10:29:00,14,Male,60,Clothing,2,50,23,100
634,10/10/2022,19:25:00,68,Male,60,Electronics,4,500,535,2000
678,17/11/2022,15:55:00,70,Female,60,Electronics,3,300,144,900
702,03/03/2023,17:18:00,66,Female,60,Clothing,2,300,78,600
705,30/09/2022,07:28:00,37,Male,60,Electronics,2,25,6.25,50
716,13/08/2023,19:51:00,137,Female,60,Clothing,4,300,108,1200
794,02/11/2022,21:47:00,145,Female,60,Beauty,1,300,315,300
857,20/11/2023,12:09:00,62,Male,60,Electronics,2,25,12,50
874,17/01/2022,18:14:00,90,Male,60,Beauty,1,30,12.6,30
957,19/06/2023,19:00:00,105,Female,60,Electronics,4,30,9.3,120
966,07/11/2022,07:22:00,119,Male,60,Electronics,2,500,190,1000
973,03/09/2023,08:44:00,51,Male,60,Clothing,1,50,13,50
1119,19/11/2023,09:36:00,1,Female,60,Clothing,3,50,25.5,150
1120,02/03/2023,19:32:00,4,Male,60,Beauty,1,50,26.5,50
1165,01/12/2023,17:04:00,29,Female,60,Clothing,4,300,291,1200
1190,29/09/2023,21:00:00,4,Female,60,Beauty,3,30,10.8,90
1291,04/04/2022,11:19:00,72,Male,60,Clothing,2,300,153,600
1418,17/09/2022,18:19:00,68,Female,60,Electronics,2,500,215,1000
1442,16/02/2023,11:02:00,96,Female,60,Clothing,4,25,11.25,100
1491,26/05/2023,22:14:00,107,Female,60,Electronics,3,300,129,900
1500,20/04/2022,08:36:00,53,Female,60,Beauty,4,25,8.5,100
1575,28/07/2023,11:54:00,26,Male,60,Clothing,2,50,22.5,100
1634,03/11/2023,17:18:00,90,Male,60,Electronics,4,500,520,2000
1678,16/09/2022,13:44:00,99,Female,60,Electronics,3,300,102,900
1702,31/07/2023,21:54:00,102,Female,60,Clothing,2,300,87,600
1705,14/08/2022,08:32:00,94,Male,60,Electronics,2,25,8.75,50
1716,12/02/2022,19:16:00,39,Female,60,Clothing,4,300,87,1200
1794,22/12/2022,19:40:00,26,Female,60,Beauty,1,300,351,300
1857,09/11/2022,12:15:00,109,Male,60,Electronics,2,25,7.5,50
1874,14/05/2022,20:58:00,126,Male,60,Beauty,1,30,12.6,30
1957,25/10/2022,19:00:00,75,Female,60,Electronics,4,30,14.7,120
1966,20/07/2022,09:52:00,74,Male,60,Electronics,2,500,200,1000
1973,19/08/2023,10:10:00,22,Male,60,Clothing,1,50,21.5,50
75,15/05/2023,20:51:00,110,Male,61,Beauty,4,50,13.5,200
206,02/09/2022,18:18:00,31,Male,61,Clothing,1,25,11.75,25
226,23/09/2022,17:02:00,69,Female,61,Clothing,1,50,57.5,50
272,10/06/2022,11:57:00,112,Female,61,Electronics,2,50,27.5,100
299,25/01/2023,20:03:00,76,Male,61,Electronics,2,500,230,1000
318,22/10/2023,21:26:00,57,Male,61,Clothing,1,25,29.25,25
444,06/10/2022,07:06:00,51,Female,61,Clothing,3,30,15.9,90
492,16/12/2023,17:52:00,4,Male,61,Beauty,4,25,6.5,100
612,23/02/2022,19:06:00,77,Female,61,Electronics,1,500,235,500
615,31/10/2022,15:06:00,58,Female,61,Clothing,4,25,10.5,100
724,14/06/2023,06:56:00,3,Male,61,Clothing,3,50,20,150
725,21/09/2023,20:32:00,2,Male,61,Electronics,1,300,153,300
732,13/10/2022,08:45:00,136,Male,61,Electronics,2,500,250,1000
789,06/12/2023,22:13:00,34,Female,61,Clothing,4,500,510,2000
798,20/01/2023,21:19:00,73,Male,61,Clothing,1,50,15,50
811,15/04/2023,18:34:00,2,Male,61,Beauty,2,25,6.75,50
827,28/10/2023,19:24:00,96,Male,61,Beauty,3,300,165,900
829,24/03/2022,21:31:00,52,Male,61,Beauty,3,30,9.6,90
1075,14/09/2022,19:17:00,92,Male,61,Beauty,4,50,21.5,200
1206,14/05/2023,19:45:00,68,Male,61,Clothing,1,25,8.5,25
1226,30/11/2023,17:52:00,102,Female,61,Clothing,1,50,51,50
1272,14/04/2022,11:59:00,66,Female,61,Electronics,2,50,17,100
1299,08/05/2022,18:58:00,11,Male,61,Electronics,2,500,250,1000
1318,25/12/2022,22:57:00,55,Male,61,Clothing,1,25,27,25
1444,29/04/2022,06:18:00,135,Female,61,Clothing,3,30,14.1,90
1492,26/08/2023,22:09:00,146,Male,61,Beauty,4,25,10,100
1612,18/12/2022,21:14:00,140,Female,61,Electronics,1,500,230,500
1615,17/11/2022,13:43:00,82,Female,61,Clothing,4,25,13.5,100
1724,15/09/2023,20:53:00,4,Male,61,Clothing,3,50,17,150
1725,16/05/2022,21:02:00,109,Male,61,Electronics,1,300,105,300
1732,25/02/2022,07:05:00,55,Male,61,Electronics,2,500,215,1000
1789,10/11/2023,17:02:00,144,Female,61,Clothing,4,500,615,2000
1798,18/07/2023,20:26:00,96,Male,61,Clothing,1,50,20,50
1811,09/12/2023,21:58:00,5,Male,61,Beauty,2,25,8.5,50
1827,09/11/2022,20:02:00,62,Male,61,Beauty,3,300,132,900
1829,30/05/2022,22:37:00,58,Male,61,Beauty,3,30,12,90
19,26/11/2023,19:39:00,30,Female,62,Clothing,2,25,28.5,50
59,14/11/2022,18:28:00,61,Male,62,Clothing,1,50,27,50
157,15/05/2022,21:59:00,98,Male,62,Electronics,4,500,170,2000
182,21/06/2023,19:27:00,27,Male,62,Beauty,4,30,10.2,120
192,08/11/2022,08:05:00,134,Male,62,Beauty,2,50,13,100
216,04/11/2022,17:28:00,141,Male,62,Electronics,2,50,26.5,100
234,09/12/2023,17:42:00,64,Female,62,Electronics,2,25,13.75,50
271,12/09/2023,18:23:00,44,Female,62,Beauty,4,30,9.3,120
345,07/12/2022,18:56:00,104,Male,62,Electronics,1,30,13.5,30
401,03/12/2023,19:03:00,51,Female,62,Clothing,1,300,372,300
411,25/07/2023,20:04:00,3,Male,62,Electronics,4,50,24.5,200
523,13/11/2023,19:18:00,110,Female,62,Electronics,1,300,375,300
629,05/01/2023,19:55:00,39,Male,62,Electronics,2,25,8,50
639,01/08/2023,19:47:00,4,Female,62,Beauty,4,50,26.5,200
668,17/06/2022,20:33:00,135,Female,62,Electronics,3,50,24.5,150
671,23/09/2023,19:51:00,2,Male,62,Electronics,3,50,61.5,150
704,11/09/2023,22:40:00,141,Female,62,Clothing,3,30,34.8,90
756,17/07/2023,20:33:00,4,Female,62,Electronics,4,300,333,1200
790,13/04/2023,20:47:00,29,Male,62,Clothing,1,25,9.25,25
809,14/12/2022,22:51:00,124,Female,62,Beauty,2,50,50,100
840,01/07/2023,18:59:00,60,Male,62,Clothing,2,25,11.75,50
871,02/11/2023,23:00:00,57,Male,62,Beauty,2,30,33.9,60
937,18/10/2022,19:57:00,50,Female,62,Beauty,1,500,510,500
946,08/08/2023,20:15:00,2,Male,62,Electronics,4,500,235,2000
958,01/01/2022,21:14:00,116,Male,62,Electronics,2,25,11,50
967,04/08/2023,10:13:00,4,Male,62,Beauty,1,25,13.25,25
996,03/07/2023,17:38:00,2,Male,62,Clothing,1,50,13.5,50
1019,14/12/2023,21:22:00,56,Female,62,Clothing,2,25,25.75,50
1059,12/07/2022,22:05:00,89,Male,62,Clothing,1,50,12.5,50
1157,23/12/2022,21:24:00,81,Male,62,Electronics,4,500,270,2000
1182,03/01/2023,21:26:00,14,Male,62,Beauty,4,30,12.9,120
1192,29/03/2022,08:41:00,37,Male,62,Beauty,2,50,20.5,100
1216,01/03/2023,22:53:00,23,Male,62,Electronics,2,50,13,100
1234,07/09/2023,17:46:00,78,Female,62,Electronics,2,25,8.25,50
1271,19/01/2022,19:31:00,27,Female,62,Beauty,4,30,9,120
1345,29/09/2022,17:50:00,98,Male,62,Electronics,1,30,11.4,30
1401,01/10/2022,21:20:00,85,Female,62,Clothing,1,300,294,300
1411,24/11/2023,20:27:00,1,Male,62,Electronics,4,50,26,200
1523,31/12/2023,20:40:00,150,Female,62,Electronics,1,300,330,300
1629,17/02/2022,20:18:00,144,Male,62,Electronics,2,25,10.75,50
1639,20/12/2023,18:13:00,5,Female,62,Beauty,4,50,24,200
1668,13/03/2023,21:40:00,132,Female,62,Electronics,3,50,14,150
1671,28/02/2023,20:55:00,47,Male,62,Electronics,3,50,62.5,150
1704,16/09/2022,20:07:00,155,Female,62,Clothing,3,30,30.3,90
1756,12/05/2022,22:16:00,119,Female,62,Electronics,4,300,297,1200
1790,14/05/2023,20:52:00,147,Male,62,Clothing,1,25,7.5,25
1809,16/10/2023,18:09:00,51,Female,62,Beauty,2,50,61.5,100
1840,12/05/2023,20:22:00,138,Male,62,Clothing,2,25,11,50
1871,26/09/2022,18:39:00,41,Male,62,Beauty,2,30,30.6,60
1937,07/09/2022,17:57:00,52,Female,62,Beauty,1,500,620,500
1946,27/07/2023,20:48:00,5,Male,62,Electronics,4,500,165,2000
1958,27/11/2022,19:19:00,125,Male,62,Electronics,2,25,11.75,50
1967,23/02/2023,08:28:00,4,Male,62,Beauty,1,25,12.25,25
1996,07/12/2023,18:49:00,2,Male,62,Clothing,1,50,25,50
9,02/12/2022,13:12:00,85,Male,63,Electronics,2,300,78,600
57,11/10/2022,20:12:00,64,Female,63,Beauty,1,30,10.2,30
153,19/11/2023,15:52:00,62,Male,63,Electronics,2,500,195,1000
189,02/01/2022,09:44:00,143,Male,63,Beauty,1,50,14.5,50
431,29/10/2022,22:02:00,99,Male,63,Electronics,4,300,345,1200
462,26/08/2023,10:04:00,71,Male,63,Electronics,4,300,132,1200
466,11/01/2023,21:52:00,66,Male,63,Electronics,4,25,13.75,100
547,14/11/2022,07:36:00,3,Male,63,Clothing,4,500,250,2000
574,17/09/2023,20:12:00,24,Female,63,Electronics,2,25,24.75,50
620,06/11/2023,20:59:00,4,Male,63,Electronics,3,25,7,75
635,04/12/2022,21:03:00,89,Female,63,Electronics,3,300,129,900
676,10/07/2023,22:13:00,80,Male,63,Electronics,3,500,205,1500
824,25/02/2023,19:10:00,3,Male,63,Clothing,4,30,9.3,120
848,24/01/2022,10:46:00,15,Female,63,Clothing,3,25,9.75,75
860,11/04/2022,08:58:00,85,Male,63,Clothing,4,50,16,200
872,10/12/2023,22:18:00,113,Female,63,Beauty,3,25,24.75,75
988,05/08/2022,18:41:00,85,Female,63,Clothing,3,25,8,75
1009,22/09/2023,14:18:00,88,Male,63,Electronics,2,300,78,600
1057,19/09/2023,22:31:00,114,Female,63,Beauty,1,30,15.9,30
1153,24/09/2022,12:30:00,91,Male,63,Electronics,2,500,265,1000
1189,07/12/2022,06:08:00,104,Male,63,Beauty,1,50,20.5,50
1431,28/09/2023,21:28:00,114,Male,63,Electronics,4,300,312,1200
1462,13/11/2023,10:42:00,124,Male,63,Electronics,4,300,114,1200
1466,16/01/2023,22:27:00,64,Male,63,Electronics,4,25,10.75,100
1547,11/08/2022,06:39:00,142,Male,63,Clothing,4,500,235,2000
1574,26/10/2022,21:51:00,150,Female,63,Electronics,2,25,24.75,50
1620,03/02/2023,22:48:00,5,Male,63,Electronics,3,25,7.75,75
1635,17/04/2023,18:08:00,36,Female,63,Electronics,3,300,159,900
1676,21/09/2023,20:22:00,91,Male,63,Electronics,3,500,210,1500
1824,24/01/2023,20:19:00,4,Male,63,Clothing,4,30,12.6,120
1848,27/12/2022,10:16:00,63,Female,63,Clothing,3,25,12.5,75
1860,12/03/2022,11:21:00,57,Male,63,Clothing,4,50,18,200
1872,22/11/2022,17:02:00,57,Female,63,Beauty,3,25,26.25,75
1988,30/11/2023,18:47:00,144,Female,63,Clothing,3,25,7.25,75
14,18/05/2022,07:11:00,8,Male,64,Clothing,4,30,13.2,120
25,20/11/2022,14:32:00,61,Female,64,Beauty,1,50,19,50
80,22/10/2023,16:51:00,82,Female,64,Clothing,2,30,12.3,60
122,01/12/2023,19:02:00,1,Male,64,Electronics,4,30,35.4,120
161,01/07/2023,06:58:00,104,Male,64,Beauty,2,500,195,1000
163,31/10/2022,09:38:00,144,Female,64,Clothing,3,50,23,150
173,19/12/2023,17:30:00,85,Male,64,Electronics,4,30,14.1,120
187,20/02/2022,20:19:00,88,Female,64,Clothing,2,50,21,100
191,22/12/2023,21:24:00,71,Male,64,Beauty,1,25,28.25,25
218,24/11/2022,20:39:00,144,Male,64,Beauty,3,30,33.9,90
220,07/05/2022,06:44:00,138,Male,64,Beauty,1,500,140,500
223,15/01/2022,11:18:00,61,Female,64,Clothing,1,25,12,25
282,05/10/2023,17:39:00,10,Female,64,Electronics,4,50,56,200
363,23/05/2022,22:51:00,92,Male,64,Beauty,1,25,13.5,25
376,29/01/2023,18:21:00,4,Female,64,Beauty,1,30,12,30
399,07/12/2022,09:25:00,136,Female,64,Beauty,2,30,12.9,60
408,22/12/2023,08:18:00,4,Female,64,Beauty,1,500,140,500
429,08/09/2023,14:29:00,80,Male,64,Electronics,2,25,6.75,50
440,22/11/2023,20:15:00,110,Male,64,Clothing,2,300,348,600
473,25/09/2022,10:09:00,1,Male,64,Beauty,1,50,14.5,50
532,15/08/2022,18:04:00,92,Female,64,Clothing,4,30,12.9,120
561,29/07/2022,17:04:00,34,Female,64,Clothing,4,500,250,2000
566,26/11/2022,19:15:00,106,Female,64,Clothing,1,30,8.4,30
596,12/02/2022,08:44:00,87,Female,64,Electronics,1,300,93,300
692,30/09/2022,19:48:00,110,Female,64,Clothing,2,50,49.5,100
698,17/03/2022,20:56:00,116,Female,64,Electronics,1,300,123,300
735,26/11/2022,21:38:00,153,Female,64,Clothing,4,500,515,2000
758,23/04/2023,18:30:00,1,Male,64,Clothing,4,25,6.75,100
830,29/09/2022,20:19:00,77,Female,64,Clothing,3,50,18.5,150
882,22/10/2023,21:41:00,144,Female,64,Electronics,2,25,13.25,50
897,12/09/2023,17:53:00,15,Female,64,Electronics,2,50,51.5,100
1014,04/02/2022,10:26:00,147,Male,64,Clothing,4,30,11.4,120
1025,12/11/2022,16:41:00,103,Female,64,Beauty,1,50,16.5,50
1080,08/12/2022,13:31:00,70,Female,64,Clothing,2,30,13.2,60
1122,07/09/2022,19:53:00,138,Male,64,Electronics,4,30,31.8,120
1161,29/06/2023,11:06:00,30,Male,64,Beauty,2,500,160,1000
1163,04/05/2022,10:52:00,120,Female,64,Clothing,3,50,27,150
1173,04/12/2022,21:03:00,70,Male,64,Electronics,4,30,15,120
1187,07/07/2023,17:05:00,52,Female,64,Clothing,2,50,12.5,100
1191,25/09/2023,17:20:00,88,Male,64,Beauty,1,25,25,25
1218,25/10/2023,22:11:00,30,Male,64,Beauty,3,30,34.2,90
1220,29/06/2022,11:16:00,47,Male,64,Beauty,1,500,240,500
1223,20/02/2022,07:40:00,106,Female,64,Clothing,1,25,9.75,25
1282,20/02/2023,20:05:00,23,Female,64,Electronics,4,50,48.5,200
1363,04/07/2023,20:27:00,33,Male,64,Beauty,1,25,7.75,25
1376,15/07/2023,19:49:00,3,Female,64,Beauty,1,30,9.9,30
1399,28/01/2022,09:32:00,15,Female,64,Beauty,2,30,16.2,60
1408,28/08/2023,08:17:00,2,Female,64,Beauty,1,500,250,500
1429,22/11/2023,13:14:00,102,Male,64,Electronics,2,25,12,50
1440,01/09/2023,19:20:00,86,Male,64,Clothing,2,300,354,600
1473,19/03/2022,09:06:00,30,Male,64,Beauty,1,50,13,50
1532,23/03/2022,22:48:00,51,Female,64,Clothing,4,30,15.6,120
1561,17/09/2023,19:38:00,16,Female,64,Clothing,4,500,170,2000
1566,03/10/2022,18:17:00,56,Female,64,Clothing,1,30,15.6,30
1596,28/03/2022,06:22:00,7,Female,64,Electronics,1,300,141,300
1692,11/10/2023,19:50:00,103,Female,64,Clothing,2,50,59.5,100
1698,07/04/2022,21:50:00,146,Female,64,Electronics,1,300,105,300
1735,05/09/2023,17:26:00,86,Female,64,Clothing,4,500,505,2000
1758,22/07/2023,18:19:00,3,Male,64,Clothing,4,25,7.5,100
1830,04/03/2023,18:04:00,87,Female,64,Clothing,3,50,21,150
1882,21/06/2023,20:56:00,15,Female,64,Electronics,2,25,9,50
1897,27/10/2023,17:12:00,137,Female,64,Electronics,2,50,62,100
150,13/04/2022,08:25:00,89,Female,,Electronics,4,30,16.2,120
432,10/03/2022,11:31:00,17,Female,,Electronics,2,500,190,1000
797,16/09/2022,06:38:00,116,Male,,Clothing,3,25,10.75,75
845,27/10/2022,10:12:00,25,Male,,Clothing,1,500,145,500
921,28/09/2022,09:34:00,101,Male,,Electronics,3,25,8,75
1150,22/08/2022,10:04:00,77,Female,,Electronics,4,30,10.2,120
1367,15/04/2022,11:38:00,16,Female,,Electronics,1,50,15.5,50
1391,01/03/2022,11:29:00,130,Male,,Beauty,2,25,9.25,50
1432,25/12/2022,06:24:00,67,Female,,Electronics,2,500,245,1000
1845,24/05/2022,07:06:00,94,Male,,Clothing,1,500,185,500
